"","all.changers","changers.symbols"
"1",NA,"SYNPCC7002_A0001"
"2",NA,"SYNPCC7002_A0005"
"3",NA,"SYNPCC7002_A0006"
"4",NA,"SYNPCC7002_A0007"
"5",NA,"SYNPCC7002_A0008"
"6",NA,"SYNPCC7002_A0009"
"7",NA,"SYNPCC7002_A0010"
"8",NA,"SYNPCC7002_A0011"
"9",NA,"SYNPCC7002_A0012"
"10",NA,"SYNPCC7002_A0014"
"11",NA,"SYNPCC7002_A0018"
"12",NA,"SYNPCC7002_A0020"
"13",NA,"SYNPCC7002_A0021"
"14",NA,"SYNPCC7002_A0024"
"15",NA,"SYNPCC7002_A0026"
"16",NA,"SYNPCC7002_A0027"
"17",NA,"SYNPCC7002_A0029"
"18",NA,"SYNPCC7002_A0030"
"19",NA,"SYNPCC7002_A0031"
"20",NA,"SYNPCC7002_A0032"
"21",NA,"SYNPCC7002_A0034"
"22",NA,"SYNPCC7002_A0035"
"23",NA,"SYNPCC7002_A0036"
"24",NA,"SYNPCC7002_A0038"
"25",NA,"SYNPCC7002_A0039"
"26",NA,"SYNPCC7002_A0040"
"27",NA,"SYNPCC7002_A0043"
"28",NA,"SYNPCC7002_A0044"
"29",NA,"SYNPCC7002_A0054"
"30",NA,"SYNPCC7002_A0055"
"31",NA,"SYNPCC7002_A0056"
"32",NA,"SYNPCC7002_A0057"
"33",NA,"SYNPCC7002_A0058"
"34",NA,"SYNPCC7002_A0059"
"35",NA,"SYNPCC7002_A0060"
"36",NA,"SYNPCC7002_A0062"
"37",NA,"SYNPCC7002_A0063"
"38",NA,"SYNPCC7002_A0066"
"39",NA,"SYNPCC7002_A0069"
"40",NA,"SYNPCC7002_A0070"
"41",NA,"SYNPCC7002_A0071"
"42",NA,"SYNPCC7002_A0076"
"43",NA,"SYNPCC7002_A0079"
"44",NA,"SYNPCC7002_A0080"
"45",NA,"SYNPCC7002_A0081"
"46",NA,"SYNPCC7002_A0082"
"47",NA,"SYNPCC7002_A0084"
"48",NA,"SYNPCC7002_A0086"
"49",NA,"SYNPCC7002_A0087"
"50",NA,"SYNPCC7002_A0088"
"51",NA,"SYNPCC7002_A0089"
"52",NA,"SYNPCC7002_A0090"
"53",NA,"SYNPCC7002_A0096"
"54",NA,"SYNPCC7002_A0098"
"55",NA,"SYNPCC7002_A0100"
"56",NA,"SYNPCC7002_A0102"
"57",NA,"SYNPCC7002_A0105"
"58",NA,"SYNPCC7002_A0107"
"59",NA,"SYNPCC7002_A0109"
"60",NA,NA
"61",NA,"SYNPCC7002_A0113"
"62",NA,"SYNPCC7002_A0114"
"63",NA,"SYNPCC7002_A0115"
"64",NA,"SYNPCC7002_A0116"
"65",NA,"SYNPCC7002_A0122"
"66",NA,"SYNPCC7002_A0123"
"67",NA,"SYNPCC7002_A0124"
"68",NA,"SYNPCC7002_A0125"
"69",NA,"SYNPCC7002_A0126"
"70",NA,"SYNPCC7002_A0127"
"71",NA,"SYNPCC7002_A0128"
"72",NA,"SYNPCC7002_A0130"
"73",NA,"SYNPCC7002_A0131"
"74",NA,"SYNPCC7002_A0137"
"75",NA,"SYNPCC7002_A0139"
"76",NA,"SYNPCC7002_A0145"
"77",NA,"SYNPCC7002_A0148"
"78",NA,"SYNPCC7002_A0149"
"79",NA,"SYNPCC7002_A0150"
"80",NA,"SYNPCC7002_A0152"
"81",NA,"SYNPCC7002_A0153"
"82",NA,"SYNPCC7002_A0154"
"83",NA,"SYNPCC7002_A0157"
"84",NA,"SYNPCC7002_A0159"
"85",NA,"SYNPCC7002_A0160"
"86",NA,"SYNPCC7002_A0166"
"87",NA,"SYNPCC7002_A0170"
"88",NA,"SYNPCC7002_A0171"
"89",NA,"SYNPCC7002_A0172"
"90",NA,"SYNPCC7002_A0173"
"91",NA,"SYNPCC7002_A0174"
"92",NA,"SYNPCC7002_A0175"
"93",NA,"SYNPCC7002_A0176"
"94",NA,"SYNPCC7002_A0179"
"95",NA,"SYNPCC7002_A0182"
"96",NA,"SYNPCC7002_A0183"
"97",NA,"SYNPCC7002_A0184"
"98",NA,"SYNPCC7002_A0185"
"99",NA,"SYNPCC7002_A0189"
"100",NA,"SYNPCC7002_A0192"
"101",NA,"SYNPCC7002_A0195"
"102",NA,"SYNPCC7002_A0196"
"103",NA,"SYNPCC7002_A0197"
"104",NA,"SYNPCC7002_A0200"
"105",NA,"SYNPCC7002_A0201"
"106",NA,"SYNPCC7002_A0202"
"107",NA,"SYNPCC7002_A0203"
"108",NA,"SYNPCC7002_A0204"
"109",NA,"SYNPCC7002_A0205"
"110",NA,"SYNPCC7002_A0206"
"111",NA,"SYNPCC7002_A0207"
"112",NA,"SYNPCC7002_A0208"
"113",NA,NA
"114",NA,"SYNPCC7002_A0217"
"115",NA,"SYNPCC7002_A0220"
"116",NA,"SYNPCC7002_A0223"
"117",NA,"SYNPCC7002_A0234"
"118",NA,"SYNPCC7002_A0235"
"119",NA,"SYNPCC7002_A0241"
"120",NA,"SYNPCC7002_A0242"
"121",NA,"SYNPCC7002_A0244"
"122",NA,"SYNPCC7002_A0247"
"123",NA,"SYNPCC7002_A0248"
"124",NA,"SYNPCC7002_A0252"
"125",NA,"SYNPCC7002_A0253"
"126",NA,"SYNPCC7002_A0256"
"127",NA,"SYNPCC7002_A0257"
"128",NA,"SYNPCC7002_A0262"
"129",NA,"SYNPCC7002_A0264"
"130",NA,"SYNPCC7002_A0267"
"131",NA,"SYNPCC7002_A0268"
"132",NA,"SYNPCC7002_A0277"
"133",NA,"SYNPCC7002_A0278"
"134",NA,"SYNPCC7002_A0281"
"135",NA,"SYNPCC7002_A0282"
"136",NA,"SYNPCC7002_A0292"
"137",NA,"SYNPCC7002_A0293"
"138",NA,"SYNPCC7002_A0297"
"139",NA,"SYNPCC7002_A0298"
"140",NA,"SYNPCC7002_A0299"
"141",NA,"SYNPCC7002_A0301"
"142",NA,"SYNPCC7002_A0302"
"143",NA,"SYNPCC7002_A0303"
"144",NA,"SYNPCC7002_A0304"
"145",NA,"SYNPCC7002_A0305"
"146",NA,"SYNPCC7002_A0306"
"147",NA,"SYNPCC7002_A0307"
"148",NA,"SYNPCC7002_A0308"
"149",NA,"SYNPCC7002_A0309"
"150",NA,"SYNPCC7002_A0311"
"151",NA,"SYNPCC7002_A0312"
"152",NA,"SYNPCC7002_A0313"
"153",NA,"SYNPCC7002_A0315"
"154",NA,"SYNPCC7002_A0319"
"155",NA,"SYNPCC7002_A0320"
"156",NA,"SYNPCC7002_A0325"
"157",NA,"SYNPCC7002_A0331"
"158",NA,"SYNPCC7002_A0332"
"159",NA,"SYNPCC7002_A0335"
"160",NA,"SYNPCC7002_A0337"
"161",NA,"SYNPCC7002_A0338"
"162",NA,"SYNPCC7002_A0343"
"163",NA,"SYNPCC7002_A0344"
"164",NA,"SYNPCC7002_A0346"
"165",NA,"SYNPCC7002_A0348"
"166",NA,"SYNPCC7002_A0349"
"167",NA,"SYNPCC7002_A0350"
"168",NA,"SYNPCC7002_A0352"
"169",NA,"SYNPCC7002_A0355"
"170",NA,"SYNPCC7002_A0356"
"171",NA,"SYNPCC7002_A0359"
"172",NA,"SYNPCC7002_A0360"
"173",NA,"SYNPCC7002_A0361"
"174",NA,"SYNPCC7002_A0364"
"175",NA,"SYNPCC7002_A0370"
"176",NA,"SYNPCC7002_A0375"
"177",NA,"SYNPCC7002_A0376"
"178",NA,"SYNPCC7002_A0377"
"179",NA,"SYNPCC7002_A0378"
"180",NA,"SYNPCC7002_A0386"
"181",NA,"SYNPCC7002_A0387"
"182",NA,"SYNPCC7002_A0389"
"183",NA,"SYNPCC7002_A0390"
"184",NA,"SYNPCC7002_A0394"
"185",NA,"SYNPCC7002_A0399"
"186",NA,"SYNPCC7002_A0400"
"187",NA,"SYNPCC7002_A0401"
"188",NA,"SYNPCC7002_A0404"
"189",NA,"SYNPCC7002_A0407"
"190",NA,"SYNPCC7002_A0408"
"191",NA,"SYNPCC7002_A0410"
"192",NA,"SYNPCC7002_A0415"
"193",NA,"SYNPCC7002_A0416"
"194",NA,"SYNPCC7002_A0419"
"195",NA,"SYNPCC7002_A0420"
"196",NA,"SYNPCC7002_A0421"
"197",NA,"SYNPCC7002_A0423"
"198",NA,"SYNPCC7002_A0425"
"199",NA,"SYNPCC7002_A0427"
"200",NA,"SYNPCC7002_A0428"
"201",NA,"SYNPCC7002_A0429"
"202",NA,"SYNPCC7002_A0432"
"203",NA,"SYNPCC7002_A0438"
"204",NA,"SYNPCC7002_A0439"
"205",NA,"SYNPCC7002_A0440"
"206",NA,"SYNPCC7002_A0441"
"207",NA,"SYNPCC7002_A0446"
"208",NA,"SYNPCC7002_A0450"
"209",NA,"SYNPCC7002_A0454"
"210",NA,"SYNPCC7002_A0455"
"211",NA,"SYNPCC7002_A0458"
"212",NA,"SYNPCC7002_A0459"
"213",NA,"SYNPCC7002_A0463"
"214",NA,"SYNPCC7002_A0464"
"215",NA,"SYNPCC7002_A0467"
"216",NA,"SYNPCC7002_A0468"
"217",NA,"SYNPCC7002_A0469"
"218",NA,"SYNPCC7002_A0470"
"219",NA,"SYNPCC7002_A0471"
"220",NA,"SYNPCC7002_A0472"
"221",NA,"SYNPCC7002_A0473"
"222",NA,"SYNPCC7002_A0474"
"223",NA,"SYNPCC7002_A0475"
"224",NA,"SYNPCC7002_A0476"
"225",NA,"SYNPCC7002_A0477"
"226",NA,"SYNPCC7002_A0478"
"227",NA,"SYNPCC7002_A0480"
"228",NA,"SYNPCC7002_A0484"
"229",NA,"SYNPCC7002_A0486"
"230",NA,"SYNPCC7002_A0487"
"231",NA,"SYNPCC7002_A0488"
"232",NA,"SYNPCC7002_A0490"
"233",NA,"SYNPCC7002_A0492"
"234",NA,"SYNPCC7002_A0493"
"235",NA,"SYNPCC7002_A0497"
"236",NA,"SYNPCC7002_A0499"
"237",NA,"SYNPCC7002_A0500"
"238",NA,"SYNPCC7002_A0506"
"239",NA,"SYNPCC7002_A0507"
"240",NA,"SYNPCC7002_A0508"
"241",NA,"SYNPCC7002_A0509"
"242",NA,"SYNPCC7002_A0510"
"243",NA,"SYNPCC7002_A0511"
"244",NA,"SYNPCC7002_A0512"
"245",NA,"SYNPCC7002_A0518"
"246",NA,"SYNPCC7002_A0520"
"247",NA,"SYNPCC7002_A0521"
"248",NA,"SYNPCC7002_A0525"
"249",NA,"SYNPCC7002_A0527"
"250",NA,"SYNPCC7002_A0529"
"251",NA,"SYNPCC7002_A0530"
"252",NA,"SYNPCC7002_A0531"
"253",NA,"SYNPCC7002_A0534"
"254",NA,"SYNPCC7002_A0535"
"255",NA,"SYNPCC7002_A0536"
"256",NA,"SYNPCC7002_A0537"
"257",NA,"SYNPCC7002_A0538"
"258",NA,"SYNPCC7002_A0539"
"259",NA,"SYNPCC7002_A0540"
"260",NA,"SYNPCC7002_A0541"
"261",NA,"SYNPCC7002_A0543"
"262",NA,"SYNPCC7002_A0547"
"263",NA,"SYNPCC7002_A0549"
"264",NA,"SYNPCC7002_A0550"
"265",NA,"SYNPCC7002_A0552"
"266",NA,"SYNPCC7002_A0554"
"267",NA,"SYNPCC7002_A0555"
"268",NA,"SYNPCC7002_A0558"
"269",NA,"SYNPCC7002_A0559"
"270",NA,"SYNPCC7002_A0560"
"271",NA,"SYNPCC7002_A0561"
"272",NA,"SYNPCC7002_A0562"
"273",NA,"SYNPCC7002_A0569"
"274",NA,"SYNPCC7002_A0570"
"275",NA,"SYNPCC7002_A0583"
"276",NA,"SYNPCC7002_A0584"
"277",NA,"SYNPCC7002_A0586"
"278",NA,"SYNPCC7002_A0587"
"279",NA,"SYNPCC7002_A0588"
"280",NA,"SYNPCC7002_A0589"
"281",NA,"SYNPCC7002_A0590"
"282",NA,"SYNPCC7002_A0591"
"283",NA,"SYNPCC7002_A0594"
"284",NA,"SYNPCC7002_A0596"
"285",NA,"SYNPCC7002_A0597"
"286",NA,"SYNPCC7002_A0599"
"287",NA,"SYNPCC7002_A0600"
"288",NA,"SYNPCC7002_A0601"
"289",NA,"SYNPCC7002_A0603"
"290",NA,"SYNPCC7002_A0607"
"291",NA,"SYNPCC7002_A0610"
"292",NA,"SYNPCC7002_A0612"
"293",NA,"SYNPCC7002_A0616"
"294",NA,"SYNPCC7002_A0622"
"295",NA,"SYNPCC7002_A0625"
"296",NA,"SYNPCC7002_A0630"
"297",NA,"SYNPCC7002_A0632"
"298",NA,"SYNPCC7002_A0633"
"299",NA,"SYNPCC7002_A0634"
"300",NA,"SYNPCC7002_A0636"
"301",NA,"SYNPCC7002_A0637"
"302",NA,"SYNPCC7002_A0638"
"303",NA,"SYNPCC7002_A0639"
"304",NA,"SYNPCC7002_A0640"
"305",NA,"SYNPCC7002_A0641"
"306",NA,"SYNPCC7002_A0642"
"307",NA,"SYNPCC7002_A0646"
"308",NA,"SYNPCC7002_A0647"
"309",NA,"SYNPCC7002_A0648"
"310",NA,"SYNPCC7002_A0649"
"311",NA,"SYNPCC7002_A0650"
"312",NA,"SYNPCC7002_A0651"
"313",NA,"SYNPCC7002_A0653"
"314",NA,"SYNPCC7002_A0658"
"315",NA,"SYNPCC7002_A0659"
"316",NA,"SYNPCC7002_A0660"
"317",NA,"SYNPCC7002_A0661"
"318",NA,"SYNPCC7002_A0663"
"319",NA,"SYNPCC7002_A0664"
"320",NA,"SYNPCC7002_A0665"
"321",NA,"SYNPCC7002_A0666"
"322",NA,"SYNPCC7002_A0668"
"323",NA,"SYNPCC7002_A0669"
"324",NA,"SYNPCC7002_A0671"
"325",NA,"SYNPCC7002_A0673"
"326",NA,"SYNPCC7002_A0674"
"327",NA,"SYNPCC7002_A0675"
"328",NA,"SYNPCC7002_A0676"
"329",NA,"SYNPCC7002_A0677"
"330",NA,"SYNPCC7002_A0679"
"331",NA,"SYNPCC7002_A0680"
"332",NA,"SYNPCC7002_A0684"
"333",NA,"SYNPCC7002_A0685"
"334",NA,"SYNPCC7002_A0688"
"335",NA,"SYNPCC7002_A0690"
"336",NA,"SYNPCC7002_A0692"
"337",NA,"SYNPCC7002_A0694"
"338",NA,"SYNPCC7002_A0697"
"339",NA,NA
"340",NA,"SYNPCC7002_A0700"
"341",NA,"SYNPCC7002_A0701"
"342",NA,"SYNPCC7002_A0702"
"343",NA,"SYNPCC7002_A0703"
"344",NA,"SYNPCC7002_A0704"
"345",NA,"SYNPCC7002_A0706"
"346",NA,"SYNPCC7002_A0713"
"347",NA,"SYNPCC7002_A0717"
"348",NA,"SYNPCC7002_A0718"
"349",NA,"SYNPCC7002_A0720"
"350",NA,"SYNPCC7002_A0727"
"351",NA,"SYNPCC7002_A0728"
"352",NA,"SYNPCC7002_A0730"
"353",NA,"SYNPCC7002_A0734"
"354",NA,"SYNPCC7002_A0741"
"355",NA,"SYNPCC7002_A0742"
"356",NA,"SYNPCC7002_A0747"
"357",NA,"SYNPCC7002_A0748"
"358",NA,"SYNPCC7002_A0749"
"359",NA,"SYNPCC7002_A0751"
"360",NA,"SYNPCC7002_A0753"
"361",NA,"SYNPCC7002_A0756"
"362",NA,"SYNPCC7002_A0757"
"363",NA,"SYNPCC7002_A0759"
"364",NA,"SYNPCC7002_A0761"
"365",NA,"SYNPCC7002_A0762"
"366",NA,"SYNPCC7002_A0764"
"367",NA,"SYNPCC7002_A0765"
"368",NA,"SYNPCC7002_A0766"
"369",NA,"SYNPCC7002_A0767"
"370",NA,"SYNPCC7002_A0769"
"371",NA,"SYNPCC7002_A0772"
"372",NA,"SYNPCC7002_A0774"
"373",NA,"SYNPCC7002_A0775"
"374",NA,"SYNPCC7002_A0776"
"375",NA,"SYNPCC7002_A0777"
"376",NA,"SYNPCC7002_A0779"
"377",NA,"SYNPCC7002_A0780"
"378",NA,"SYNPCC7002_A0783"
"379",NA,"SYNPCC7002_A0784"
"380",NA,"SYNPCC7002_A0787"
"381",NA,"SYNPCC7002_A0789"
"382",NA,"SYNPCC7002_A0791"
"383",NA,"SYNPCC7002_A0792"
"384",NA,"SYNPCC7002_A0793"
"385",NA,"SYNPCC7002_A0795"
"386",NA,NA
"387",NA,"SYNPCC7002_A0797"
"388",NA,"SYNPCC7002_A0798"
"389",NA,"SYNPCC7002_A0799"
"390",NA,"SYNPCC7002_A0800"
"391",NA,"SYNPCC7002_A0804"
"392",NA,"SYNPCC7002_A0805"
"393",NA,"SYNPCC7002_A0809"
"394",NA,"SYNPCC7002_A0812"
"395",NA,"SYNPCC7002_A0815"
"396",NA,"SYNPCC7002_A0817"
"397",NA,"SYNPCC7002_A0818"
"398",NA,"SYNPCC7002_A0822"
"399",NA,"SYNPCC7002_A0824"
"400",NA,"SYNPCC7002_A0827"
"401",NA,"SYNPCC7002_A0828"
"402",NA,NA
"403",NA,"SYNPCC7002_A0834"
"404",NA,"SYNPCC7002_A0836"
"405",NA,"SYNPCC7002_A0837"
"406",NA,"SYNPCC7002_A0839"
"407",NA,"SYNPCC7002_A0841"
"408",NA,"SYNPCC7002_A0842"
"409",NA,"SYNPCC7002_A0843"
"410",NA,"SYNPCC7002_A0851"
"411",NA,"SYNPCC7002_A0855"
"412",NA,"SYNPCC7002_A0856"
"413",NA,"SYNPCC7002_A0857"
"414",NA,"SYNPCC7002_A0858"
"415",NA,"SYNPCC7002_A0860"
"416",NA,"SYNPCC7002_A0861"
"417",NA,"SYNPCC7002_A0862"
"418",NA,"SYNPCC7002_A0864"
"419",NA,"SYNPCC7002_A0865"
"420",NA,"SYNPCC7002_A0866"
"421",NA,"SYNPCC7002_A0867"
"422",NA,"SYNPCC7002_A0870"
"423",NA,"SYNPCC7002_A0871"
"424",NA,"SYNPCC7002_A0872"
"425",NA,"SYNPCC7002_A0878"
"426",NA,"SYNPCC7002_A0884"
"427",NA,"SYNPCC7002_A0890"
"428",NA,"SYNPCC7002_A0891"
"429",NA,"SYNPCC7002_A0892"
"430",NA,"SYNPCC7002_A0893"
"431",NA,"SYNPCC7002_A0895"
"432",NA,"SYNPCC7002_A0896"
"433",NA,"SYNPCC7002_A0897"
"434",NA,"SYNPCC7002_A0898"
"435",NA,"SYNPCC7002_A0899"
"436",NA,"SYNPCC7002_A0903"
"437",NA,"SYNPCC7002_A0904"
"438",NA,"SYNPCC7002_A0905"
"439",NA,"SYNPCC7002_A0906"
"440",NA,"SYNPCC7002_A0907"
"441",NA,"SYNPCC7002_A0908"
"442",NA,"SYNPCC7002_A0909"
"443",NA,"SYNPCC7002_A0910"
"444",NA,"SYNPCC7002_A0917"
"445",NA,"SYNPCC7002_A0918"
"446",NA,"SYNPCC7002_A0919"
"447",NA,"SYNPCC7002_A0920"
"448",NA,"SYNPCC7002_A0921"
"449",NA,"SYNPCC7002_A0923"
"450",NA,"SYNPCC7002_A0924"
"451",NA,"SYNPCC7002_A0925"
"452",NA,"SYNPCC7002_A0926"
"453",NA,"SYNPCC7002_A0933"
"454",NA,"SYNPCC7002_A0942"
"455",NA,"SYNPCC7002_A0944"
"456",NA,"SYNPCC7002_A0946"
"457",NA,"SYNPCC7002_A0947"
"458",NA,"SYNPCC7002_A0949"
"459",NA,"SYNPCC7002_A0951"
"460",NA,"SYNPCC7002_A0954"
"461",NA,"SYNPCC7002_A0958"
"462",NA,"SYNPCC7002_A0960"
"463",NA,"SYNPCC7002_A0962"
"464",NA,"SYNPCC7002_A0964"
"465",NA,"SYNPCC7002_A0965"
"466",NA,"SYNPCC7002_A0966"
"467",NA,"SYNPCC7002_A0967"
"468",NA,"SYNPCC7002_A0970"
"469",NA,"SYNPCC7002_A0971"
"470",NA,"SYNPCC7002_A0973"
"471",NA,"SYNPCC7002_A0974"
"472",NA,"SYNPCC7002_A0976"
"473",NA,"SYNPCC7002_A0982"
"474",NA,"SYNPCC7002_A0985"
"475",NA,"SYNPCC7002_A0986"
"476",NA,"SYNPCC7002_A0987"
"477",NA,"SYNPCC7002_A0993"
"478",NA,"SYNPCC7002_A0997"
"479",NA,"SYNPCC7002_A0999"
"480",NA,"SYNPCC7002_A1000"
"481",NA,"SYNPCC7002_A1001"
"482",NA,"SYNPCC7002_A1002"
"483",NA,"SYNPCC7002_A1004"
"484",NA,"SYNPCC7002_A1005"
"485",NA,"SYNPCC7002_A1012"
"486",NA,"SYNPCC7002_A1017"
"487",NA,"SYNPCC7002_A1021"
"488",NA,"SYNPCC7002_A1024"
"489",NA,"SYNPCC7002_A1025"
"490",NA,"SYNPCC7002_A1035"
"491",NA,"SYNPCC7002_A1059"
"492",NA,"SYNPCC7002_A1067"
"493",NA,"SYNPCC7002_A1068"
"494",NA,"SYNPCC7002_A1069"
"495",NA,"SYNPCC7002_A1070"
"496",NA,"SYNPCC7002_A1071"
"497",NA,NA
"498",NA,"SYNPCC7002_A1075"
"499",NA,"SYNPCC7002_A1076"
"500",NA,"SYNPCC7002_A1077"
"501",NA,"SYNPCC7002_A1080"
"502",NA,"SYNPCC7002_A1084"
"503",NA,"SYNPCC7002_A1085"
"504",NA,"SYNPCC7002_A1088"
"505",NA,"SYNPCC7002_A1095"
"506",NA,"SYNPCC7002_A1097"
"507",NA,"SYNPCC7002_A1098"
"508",NA,"SYNPCC7002_A1099"
"509",NA,"SYNPCC7002_A1100"
"510",NA,"SYNPCC7002_A1101"
"511",NA,"SYNPCC7002_A1102"
"512",NA,"SYNPCC7002_A1103"
"513",NA,"SYNPCC7002_A1106"
"514",NA,"SYNPCC7002_A1108"
"515",NA,"SYNPCC7002_A1109"
"516",NA,"SYNPCC7002_A1110"
"517",NA,"SYNPCC7002_A1113"
"518",NA,"SYNPCC7002_A1114"
"519",NA,"SYNPCC7002_A1120"
"520",NA,"SYNPCC7002_A1121"
"521",NA,"SYNPCC7002_A1122"
"522",NA,"SYNPCC7002_A1124"
"523",NA,"SYNPCC7002_A1125"
"524",NA,"SYNPCC7002_A1127"
"525",NA,"SYNPCC7002_A1131"
"526",NA,"SYNPCC7002_A1132"
"527",NA,"SYNPCC7002_A1133"
"528",NA,"SYNPCC7002_A1143"
"529",NA,"SYNPCC7002_A1144"
"530",NA,"SYNPCC7002_A1145"
"531",NA,"SYNPCC7002_A1146"
"532",NA,"SYNPCC7002_A1149"
"533",NA,"SYNPCC7002_A1151"
"534",NA,"SYNPCC7002_A1152"
"535",NA,"SYNPCC7002_A1153"
"536",NA,"SYNPCC7002_A1154"
"537",NA,"SYNPCC7002_A1155"
"538",NA,"SYNPCC7002_A1156"
"539",NA,"SYNPCC7002_A1157"
"540",NA,"SYNPCC7002_A1158"
"541",NA,"SYNPCC7002_A1159"
"542",NA,"SYNPCC7002_A1166"
"543",NA,"SYNPCC7002_A1167"
"544",NA,"SYNPCC7002_A1169"
"545",NA,"SYNPCC7002_A1175"
"546",NA,"SYNPCC7002_A1176"
"547",NA,"SYNPCC7002_A1182"
"548",NA,"SYNPCC7002_A1187"
"549",NA,"SYNPCC7002_A1191"
"550",NA,"SYNPCC7002_A1195"
"551",NA,"SYNPCC7002_A1196"
"552",NA,"SYNPCC7002_A1197"
"553",NA,"SYNPCC7002_A1199"
"554",NA,"SYNPCC7002_A1200"
"555",NA,"SYNPCC7002_A1201"
"556",NA,"SYNPCC7002_A1205"
"557",NA,"SYNPCC7002_A1206"
"558",NA,"SYNPCC7002_A1208"
"559",NA,"SYNPCC7002_A1211"
"560",NA,"SYNPCC7002_A1213"
"561",NA,"SYNPCC7002_A1215"
"562",NA,"SYNPCC7002_A1217"
"563",NA,"SYNPCC7002_A1218"
"564",NA,"SYNPCC7002_A1219"
"565",NA,"SYNPCC7002_A1220"
"566",NA,"SYNPCC7002_A1222"
"567",NA,"SYNPCC7002_A1223"
"568",NA,"SYNPCC7002_A1224"
"569",NA,"SYNPCC7002_A1225"
"570",NA,"SYNPCC7002_A1226"
"571",NA,"SYNPCC7002_A1230"
"572",NA,"SYNPCC7002_A1231"
"573",NA,"SYNPCC7002_A1232"
"574",NA,"SYNPCC7002_A1235"
"575",NA,"SYNPCC7002_A1236"
"576",NA,"SYNPCC7002_A1237"
"577",NA,"SYNPCC7002_A1238"
"578",NA,"SYNPCC7002_A1245"
"579",NA,"SYNPCC7002_A1250"
"580",NA,"SYNPCC7002_A1251"
"581",NA,"SYNPCC7002_A1254"
"582",NA,"SYNPCC7002_A1255"
"583",NA,"SYNPCC7002_A1256"
"584",NA,NA
"585",NA,"SYNPCC7002_A1261"
"586",NA,"SYNPCC7002_A1262"
"587",NA,"SYNPCC7002_A1263"
"588",NA,"SYNPCC7002_A1266"
"589",NA,"SYNPCC7002_A1270"
"590",NA,"SYNPCC7002_A1272"
"591",NA,"SYNPCC7002_A1274"
"592",NA,"SYNPCC7002_A1277"
"593",NA,"SYNPCC7002_A1279"
"594",NA,"SYNPCC7002_A1283"
"595",NA,"SYNPCC7002_A1288"
"596",NA,"SYNPCC7002_A1289"
"597",NA,"SYNPCC7002_A1293"
"598",NA,"SYNPCC7002_A1294"
"599",NA,"SYNPCC7002_A1300"
"600",NA,"SYNPCC7002_A1307"
"601",NA,"SYNPCC7002_A1309"
"602",NA,"SYNPCC7002_A1313"
"603",NA,"SYNPCC7002_A1314"
"604",NA,"SYNPCC7002_A1315"
"605",NA,"SYNPCC7002_A1316"
"606",NA,"SYNPCC7002_A1319"
"607",NA,"SYNPCC7002_A1320"
"608",NA,"SYNPCC7002_A1321"
"609",NA,"SYNPCC7002_A1323"
"610",NA,"SYNPCC7002_A1325"
"611",NA,"SYNPCC7002_A1326"
"612",NA,"SYNPCC7002_A1327"
"613",NA,"SYNPCC7002_A1328"
"614",NA,"SYNPCC7002_A1329"
"615",NA,"SYNPCC7002_A1334"
"616",NA,"SYNPCC7002_A1335"
"617",NA,"SYNPCC7002_A1336"
"618",NA,"SYNPCC7002_A1337"
"619",NA,"SYNPCC7002_A1339"
"620",NA,"SYNPCC7002_A1340"
"621",NA,"SYNPCC7002_A1343"
"622",NA,"SYNPCC7002_A1346"
"623",NA,"SYNPCC7002_A1347"
"624",NA,"SYNPCC7002_A1349"
"625",NA,"SYNPCC7002_A1351"
"626",NA,"SYNPCC7002_A1355"
"627",NA,"SYNPCC7002_A1357"
"628",NA,"SYNPCC7002_A1358"
"629",NA,"SYNPCC7002_A1365"
"630",NA,"SYNPCC7002_A1368"
"631",NA,"SYNPCC7002_A1369"
"632",NA,"SYNPCC7002_A1370"
"633",NA,"SYNPCC7002_A1373"
"634",NA,"SYNPCC7002_A1374"
"635",NA,"SYNPCC7002_A1375"
"636",NA,"SYNPCC7002_A1377"
"637",NA,"SYNPCC7002_A1378"
"638",NA,"SYNPCC7002_A1380"
"639",NA,"SYNPCC7002_A1381"
"640",NA,"SYNPCC7002_A1382"
"641",NA,"SYNPCC7002_A1385"
"642",NA,"SYNPCC7002_A1388"
"643",NA,"SYNPCC7002_A1390"
"644",NA,"SYNPCC7002_A1392"
"645",NA,"SYNPCC7002_A1393"
"646",NA,"SYNPCC7002_A1394"
"647",NA,"SYNPCC7002_A1395"
"648",NA,"SYNPCC7002_A1396"
"649",NA,"SYNPCC7002_A1398"
"650",NA,"SYNPCC7002_A1399"
"651",NA,"SYNPCC7002_A1403"
"652",NA,"SYNPCC7002_A1404"
"653",NA,"SYNPCC7002_A1407"
"654",NA,"SYNPCC7002_A1409"
"655",NA,"SYNPCC7002_A1411"
"656",NA,"SYNPCC7002_A1412"
"657",NA,"SYNPCC7002_A1415"
"658",NA,"SYNPCC7002_A1416"
"659",NA,"SYNPCC7002_A1417"
"660",NA,"SYNPCC7002_A1418"
"661",NA,"SYNPCC7002_A1420"
"662",NA,"SYNPCC7002_A1421"
"663",NA,"SYNPCC7002_A1423"
"664",NA,"SYNPCC7002_A1426"
"665",NA,"SYNPCC7002_A1428"
"666",NA,"SYNPCC7002_A1429"
"667",NA,"SYNPCC7002_A1431"
"668",NA,"SYNPCC7002_A1432"
"669",NA,"SYNPCC7002_A1437"
"670",NA,"SYNPCC7002_A1438"
"671",NA,"SYNPCC7002_A1439"
"672",NA,"SYNPCC7002_A1440"
"673",NA,"SYNPCC7002_A1441"
"674",NA,"SYNPCC7002_A1442"
"675",NA,"SYNPCC7002_A1444"
"676",NA,"SYNPCC7002_A1445"
"677",NA,NA
"678",NA,"SYNPCC7002_A1447"
"679",NA,"SYNPCC7002_A1448"
"680",NA,"SYNPCC7002_A1449"
"681",NA,"SYNPCC7002_A1450"
"682",NA,"SYNPCC7002_A1451"
"683",NA,"SYNPCC7002_A1452"
"684",NA,"SYNPCC7002_A1453"
"685",NA,"SYNPCC7002_A1454"
"686",NA,"SYNPCC7002_A1456"
"687",NA,"SYNPCC7002_A1457"
"688",NA,"SYNPCC7002_A1458"
"689",NA,"SYNPCC7002_A1462"
"690",NA,"SYNPCC7002_A1463"
"691",NA,"SYNPCC7002_A1464"
"692",NA,"SYNPCC7002_A1466"
"693",NA,"SYNPCC7002_A1468"
"694",NA,"SYNPCC7002_A1469"
"695",NA,NA
"696",NA,"SYNPCC7002_A1471"
"697",NA,"SYNPCC7002_A1473"
"698",NA,"SYNPCC7002_A1475"
"699",NA,"SYNPCC7002_A1476"
"700",NA,"SYNPCC7002_A1477"
"701",NA,"SYNPCC7002_A1479"
"702",NA,"SYNPCC7002_A1482"
"703",NA,"SYNPCC7002_A1483"
"704",NA,"SYNPCC7002_A1485"
"705",NA,"SYNPCC7002_A1488"
"706",NA,"SYNPCC7002_A1489"
"707",NA,"SYNPCC7002_A1491"
"708",NA,"SYNPCC7002_A1492"
"709",NA,"SYNPCC7002_A1496"
"710",NA,"SYNPCC7002_A1497"
"711",NA,"SYNPCC7002_A1501"
"712",NA,"SYNPCC7002_A1503"
"713",NA,"SYNPCC7002_A1510"
"714",NA,"SYNPCC7002_A1511"
"715",NA,"SYNPCC7002_A1512"
"716",NA,"SYNPCC7002_A1513"
"717",NA,"SYNPCC7002_A1518"
"718",NA,"SYNPCC7002_A1519"
"719",NA,"SYNPCC7002_A1520"
"720",NA,"SYNPCC7002_A1524"
"721",NA,"SYNPCC7002_A1525"
"722",NA,"SYNPCC7002_A1526"
"723",NA,"SYNPCC7002_A1527"
"724",NA,"SYNPCC7002_A1528"
"725",NA,"SYNPCC7002_A1529"
"726",NA,"SYNPCC7002_A1537"
"727",NA,"SYNPCC7002_A1540"
"728",NA,"SYNPCC7002_A1541"
"729",NA,"SYNPCC7002_A1542"
"730",NA,"SYNPCC7002_A1546"
"731",NA,"SYNPCC7002_A1548"
"732",NA,"SYNPCC7002_A1552"
"733",NA,"SYNPCC7002_A1553"
"734",NA,"SYNPCC7002_A1555"
"735",NA,"SYNPCC7002_A1558"
"736",NA,"SYNPCC7002_A1559"
"737",NA,"SYNPCC7002_A1560"
"738",NA,"SYNPCC7002_A1561"
"739",NA,"SYNPCC7002_A1562"
"740",NA,"SYNPCC7002_A1563"
"741",NA,"SYNPCC7002_A1564"
"742",NA,"SYNPCC7002_A1568"
"743",NA,"SYNPCC7002_A1571"
"744",NA,"SYNPCC7002_A1572"
"745",NA,"SYNPCC7002_A1573"
"746",NA,"SYNPCC7002_A1579"
"747",NA,"SYNPCC7002_A1581"
"748",NA,"SYNPCC7002_A1582"
"749",NA,"SYNPCC7002_A1584"
"750",NA,"SYNPCC7002_A1587"
"751",NA,"SYNPCC7002_A1588"
"752",NA,"SYNPCC7002_A1591"
"753",NA,"SYNPCC7002_A1594"
"754",NA,"SYNPCC7002_A1596"
"755",NA,"SYNPCC7002_A1597"
"756",NA,"SYNPCC7002_A1600"
"757",NA,"SYNPCC7002_A1601"
"758",NA,"SYNPCC7002_A1603"
"759",NA,"SYNPCC7002_A1606"
"760",NA,"SYNPCC7002_A1608"
"761",NA,"SYNPCC7002_A1611"
"762",NA,"SYNPCC7002_A1612"
"763",NA,"SYNPCC7002_A1615"
"764",NA,"SYNPCC7002_A1619"
"765",NA,"SYNPCC7002_A1620"
"766",NA,"SYNPCC7002_A1623"
"767",NA,"SYNPCC7002_A1624"
"768",NA,"SYNPCC7002_A1625"
"769",NA,"SYNPCC7002_A1626"
"770",NA,"SYNPCC7002_A1628"
"771",NA,NA
"772",NA,"SYNPCC7002_A1634"
"773",NA,"SYNPCC7002_A1635"
"774",NA,NA
"775",NA,"SYNPCC7002_A1637"
"776",NA,"SYNPCC7002_A1640"
"777",NA,"SYNPCC7002_A1641"
"778",NA,"SYNPCC7002_A1644"
"779",NA,"SYNPCC7002_A1647"
"780",NA,"SYNPCC7002_A1649"
"781",NA,"SYNPCC7002_A1651"
"782",NA,"SYNPCC7002_A1652"
"783",NA,"SYNPCC7002_A1653"
"784",NA,"SYNPCC7002_A1655"
"785",NA,"SYNPCC7002_A1656"
"786",NA,"SYNPCC7002_A1658"
"787",NA,"SYNPCC7002_A1660"
"788",NA,"SYNPCC7002_A1661"
"789",NA,"SYNPCC7002_A1662"
"790","SYNPCC7002_A0001","SYNPCC7002_A1664"
"791","SYNPCC7002_A0002","SYNPCC7002_A1668"
"792","SYNPCC7002_A0003","SYNPCC7002_A1669"
"793","SYNPCC7002_A0004","SYNPCC7002_A1670"
"794","SYNPCC7002_A0005","SYNPCC7002_A1671"
"795","SYNPCC7002_A0006","SYNPCC7002_A1673"
"796","SYNPCC7002_A0008","SYNPCC7002_A1677"
"797","SYNPCC7002_A0012","SYNPCC7002_A1680"
"798","SYNPCC7002_A0016","SYNPCC7002_A1681"
"799","SYNPCC7002_A0017","SYNPCC7002_A1688"
"800","SYNPCC7002_A0031","SYNPCC7002_A1689"
"801","SYNPCC7002_A0035","SYNPCC7002_A1690"
"802","SYNPCC7002_A0036","SYNPCC7002_A1691"
"803","SYNPCC7002_A0038","SYNPCC7002_A1692"
"804","SYNPCC7002_A0052","SYNPCC7002_A1694"
"805","SYNPCC7002_A0053","SYNPCC7002_A1696"
"806","SYNPCC7002_A0054","SYNPCC7002_A1698"
"807","SYNPCC7002_A0056","SYNPCC7002_A1700"
"808","SYNPCC7002_A0057","SYNPCC7002_A1701"
"809","SYNPCC7002_A0068","SYNPCC7002_A1703"
"810","SYNPCC7002_A0069","SYNPCC7002_A1704"
"811","SYNPCC7002_A0070","SYNPCC7002_A1706"
"812","SYNPCC7002_A0078","SYNPCC7002_A1707"
"813","SYNPCC7002_A0084","SYNPCC7002_A1709"
"814","SYNPCC7002_A0085","SYNPCC7002_A1710"
"815","SYNPCC7002_A0089","SYNPCC7002_A1716"
"816","SYNPCC7002_A0100","SYNPCC7002_A1719"
"817","SYNPCC7002_A0102","SYNPCC7002_A1720"
"818","SYNPCC7002_A0107","SYNPCC7002_A1722"
"819","SYNPCC7002_A0109","SYNPCC7002_A1725"
"820","SYNPCC7002_A0111","SYNPCC7002_A1726"
"821","SYNPCC7002_A0113","SYNPCC7002_A1729"
"822","SYNPCC7002_A0123","SYNPCC7002_A1732"
"823","SYNPCC7002_A0125","SYNPCC7002_A1735"
"824","SYNPCC7002_A0126","SYNPCC7002_A1736"
"825","SYNPCC7002_A0132","SYNPCC7002_A1738"
"826","SYNPCC7002_A0137","SYNPCC7002_A1739"
"827","SYNPCC7002_A0148","SYNPCC7002_A1742"
"828","SYNPCC7002_A0151","SYNPCC7002_A1743"
"829","SYNPCC7002_A0153","SYNPCC7002_A1744"
"830","SYNPCC7002_A0157","SYNPCC7002_A1745"
"831","SYNPCC7002_A0159","SYNPCC7002_A1748"
"832","SYNPCC7002_A0171","SYNPCC7002_A1749"
"833","SYNPCC7002_A0172","SYNPCC7002_A1750"
"834","SYNPCC7002_A0173","SYNPCC7002_A1752"
"835","SYNPCC7002_A0174","SYNPCC7002_A1754"
"836","SYNPCC7002_A0175","SYNPCC7002_A1755"
"837","SYNPCC7002_A0182","SYNPCC7002_A1763"
"838","SYNPCC7002_A0183","SYNPCC7002_A1764"
"839","SYNPCC7002_A0184","SYNPCC7002_A1765"
"840","SYNPCC7002_A0186","SYNPCC7002_A1767"
"841","SYNPCC7002_A0189","SYNPCC7002_A1770"
"842","SYNPCC7002_A0194","SYNPCC7002_A1773"
"843","SYNPCC7002_A0200","SYNPCC7002_A1774"
"844","SYNPCC7002_A0202","SYNPCC7002_A1777"
"845","SYNPCC7002_A0203","SYNPCC7002_A1778"
"846","SYNPCC7002_A0205","SYNPCC7002_A1779"
"847","SYNPCC7002_A0206","SYNPCC7002_A1780"
"848","SYNPCC7002_A0209","SYNPCC7002_A1784"
"849","SYNPCC7002_A0215","SYNPCC7002_A1785"
"850","SYNPCC7002_A0216","SYNPCC7002_A1786"
"851","SYNPCC7002_A0220","SYNPCC7002_A1787"
"852","SYNPCC7002_A0221","SYNPCC7002_A1789"
"853","SYNPCC7002_A0222","SYNPCC7002_A1790"
"854","SYNPCC7002_A0241","SYNPCC7002_A1791"
"855","SYNPCC7002_A0244","SYNPCC7002_A1793"
"856","SYNPCC7002_A0250","SYNPCC7002_A1794"
"857","SYNPCC7002_A0251","SYNPCC7002_A1795"
"858","SYNPCC7002_A0253","SYNPCC7002_A1809"
"859","SYNPCC7002_A0268","SYNPCC7002_A1811"
"860","SYNPCC7002_A0279","SYNPCC7002_A1812"
"861","SYNPCC7002_A0282","SYNPCC7002_A1813"
"862","SYNPCC7002_A0286","SYNPCC7002_A1818"
"863","SYNPCC7002_A0295","SYNPCC7002_A1820"
"864","SYNPCC7002_A0303","SYNPCC7002_A1821"
"865","SYNPCC7002_A0307","SYNPCC7002_A1828"
"866","SYNPCC7002_A0320","SYNPCC7002_A1830"
"867","SYNPCC7002_A0343","SYNPCC7002_A1832"
"868","SYNPCC7002_A0344","SYNPCC7002_A1836"
"869","SYNPCC7002_A0352","SYNPCC7002_A1839"
"870","SYNPCC7002_A0370","SYNPCC7002_A1840"
"871","SYNPCC7002_A0371","SYNPCC7002_A1842"
"872","SYNPCC7002_A0375","SYNPCC7002_A1845"
"873","SYNPCC7002_A0378","SYNPCC7002_A1848"
"874","SYNPCC7002_A0387","SYNPCC7002_A1850"
"875","SYNPCC7002_A0389","SYNPCC7002_A1852"
"876","SYNPCC7002_A0390","SYNPCC7002_A1854"
"877","SYNPCC7002_A0394","SYNPCC7002_A1857"
"878","SYNPCC7002_A0395","SYNPCC7002_A1861"
"879","SYNPCC7002_A0396","SYNPCC7002_A1862"
"880","SYNPCC7002_A0398","SYNPCC7002_A1864"
"881","SYNPCC7002_A0400","SYNPCC7002_A1866"
"882","SYNPCC7002_A0407","SYNPCC7002_A1867"
"883","SYNPCC7002_A0408","SYNPCC7002_A1868"
"884","SYNPCC7002_A0412","SYNPCC7002_A1869"
"885","SYNPCC7002_A0423","SYNPCC7002_A1870"
"886","SYNPCC7002_A0429","SYNPCC7002_A1871"
"887","SYNPCC7002_A0440","SYNPCC7002_A1872"
"888","SYNPCC7002_A0463","SYNPCC7002_A1873"
"889","SYNPCC7002_A0467",NA
"890","SYNPCC7002_A0469",NA
"891","SYNPCC7002_A0470","SYNPCC7002_A1876"
"892","SYNPCC7002_A0471","SYNPCC7002_A1877"
"893","SYNPCC7002_A0472","SYNPCC7002_A1878"
"894","SYNPCC7002_A0473","SYNPCC7002_A1879"
"895","SYNPCC7002_A0479",NA
"896","SYNPCC7002_A0484","SYNPCC7002_A1881"
"897","SYNPCC7002_A0485","SYNPCC7002_A1882"
"898","SYNPCC7002_A0486","SYNPCC7002_A1883"
"899","SYNPCC7002_A0506","SYNPCC7002_A1884"
"900","SYNPCC7002_A0507","SYNPCC7002_A1887"
"901","SYNPCC7002_A0512","SYNPCC7002_A1888"
"902","SYNPCC7002_A0514","SYNPCC7002_A1889"
"903","SYNPCC7002_A0515","SYNPCC7002_A1890"
"904","SYNPCC7002_A0521","SYNPCC7002_A1896"
"905","SYNPCC7002_A0524","SYNPCC7002_A1897"
"906","SYNPCC7002_A0539","SYNPCC7002_A1899"
"907","SYNPCC7002_A0541","SYNPCC7002_A1900"
"908","SYNPCC7002_A0542","SYNPCC7002_A1901"
"909","SYNPCC7002_A0562","SYNPCC7002_A1902"
"910","SYNPCC7002_A0566","SYNPCC7002_A1905"
"911","SYNPCC7002_A0568","SYNPCC7002_A1906"
"912","SYNPCC7002_A0570","SYNPCC7002_A1907"
"913","SYNPCC7002_A0571","SYNPCC7002_A1908"
"914","SYNPCC7002_A0575","SYNPCC7002_A1911"
"915","SYNPCC7002_A0576","SYNPCC7002_A1912"
"916","SYNPCC7002_A0587","SYNPCC7002_A1913"
"917","SYNPCC7002_A0588","SYNPCC7002_A1916"
"918","SYNPCC7002_A0590","SYNPCC7002_A1917"
"919","SYNPCC7002_A0591","SYNPCC7002_A1919"
"920","SYNPCC7002_A0593","SYNPCC7002_A1920"
"921","SYNPCC7002_A0594","SYNPCC7002_A1923"
"922","SYNPCC7002_A0598","SYNPCC7002_A1927"
"923","SYNPCC7002_A0599","SYNPCC7002_A1932"
"924","SYNPCC7002_A0600","SYNPCC7002_A1933"
"925","SYNPCC7002_A0603","SYNPCC7002_A1934"
"926","SYNPCC7002_A0612","SYNPCC7002_A1937"
"927","SYNPCC7002_A0614","SYNPCC7002_A1938"
"928","SYNPCC7002_A0625","SYNPCC7002_A1939"
"929","SYNPCC7002_A0630","SYNPCC7002_A1940"
"930","SYNPCC7002_A0631","SYNPCC7002_A1943"
"931","SYNPCC7002_A0636","SYNPCC7002_A1944"
"932","SYNPCC7002_A0638","SYNPCC7002_A1945"
"933","SYNPCC7002_A0639","SYNPCC7002_A1946"
"934","SYNPCC7002_A0640","SYNPCC7002_A1947"
"935","SYNPCC7002_A0641","SYNPCC7002_A1948"
"936","SYNPCC7002_A0647","SYNPCC7002_A1949"
"937","SYNPCC7002_A0654","SYNPCC7002_A1951"
"938","SYNPCC7002_A0659","SYNPCC7002_A1953"
"939","SYNPCC7002_A0663","SYNPCC7002_A1955"
"940","SYNPCC7002_A0664","SYNPCC7002_A1957"
"941","SYNPCC7002_A0666","SYNPCC7002_A1960"
"942","SYNPCC7002_A0667","SYNPCC7002_A1964"
"943","SYNPCC7002_A0673","SYNPCC7002_A1969"
"944","SYNPCC7002_A0677","SYNPCC7002_A1971"
"945","SYNPCC7002_A0679","SYNPCC7002_A1972"
"946","SYNPCC7002_A0684","SYNPCC7002_A1973"
"947","SYNPCC7002_A0688","SYNPCC7002_A1975"
"948","SYNPCC7002_A0692","SYNPCC7002_A1976"
"949","SYNPCC7002_A0695","SYNPCC7002_A1977"
"950","SYNPCC7002_A0698","SYNPCC7002_A1978"
"951","SYNPCC7002_A0701","SYNPCC7002_A1980"
"952","SYNPCC7002_A0704","SYNPCC7002_A1981"
"953","SYNPCC7002_A0705","SYNPCC7002_A1984"
"954","SYNPCC7002_A0716","SYNPCC7002_A1987"
"955","SYNPCC7002_A0731",NA
"956","SYNPCC7002_A0753","SYNPCC7002_A1989"
"957","SYNPCC7002_A0761","SYNPCC7002_A1990"
"958","SYNPCC7002_A0764","SYNPCC7002_A1991"
"959","SYNPCC7002_A0766","SYNPCC7002_A1992"
"960","SYNPCC7002_A0772","SYNPCC7002_A1993"
"961","SYNPCC7002_A0775","SYNPCC7002_A1994"
"962","SYNPCC7002_A0776","SYNPCC7002_A1995"
"963","SYNPCC7002_A0792","SYNPCC7002_A1996"
"964","SYNPCC7002_A0793","SYNPCC7002_A1997"
"965",NA,"SYNPCC7002_A1998"
"966","SYNPCC7002_A0797","SYNPCC7002_A1999"
"967","SYNPCC7002_A0801","SYNPCC7002_A2001"
"968","SYNPCC7002_A0802","SYNPCC7002_A2003"
"969","SYNPCC7002_A0817","SYNPCC7002_A2006"
"970",NA,"SYNPCC7002_A2013"
"971","SYNPCC7002_A0852","SYNPCC7002_A2016"
"972","SYNPCC7002_A0855","SYNPCC7002_A2017"
"973","SYNPCC7002_A0858","SYNPCC7002_A2018"
"974","SYNPCC7002_A0861","SYNPCC7002_A2021"
"975","SYNPCC7002_A0873","SYNPCC7002_A2022"
"976","SYNPCC7002_A0875","SYNPCC7002_A2023"
"977","SYNPCC7002_A0877","SYNPCC7002_A2024"
"978","SYNPCC7002_A0879","SYNPCC7002_A2026"
"979","SYNPCC7002_A0881","SYNPCC7002_A2027"
"980","SYNPCC7002_A0884","SYNPCC7002_A2028"
"981","SYNPCC7002_A0885","SYNPCC7002_A2029"
"982","SYNPCC7002_A0909","SYNPCC7002_A2030"
"983","SYNPCC7002_A0917","SYNPCC7002_A2031"
"984","SYNPCC7002_A0918","SYNPCC7002_A2034"
"985","SYNPCC7002_A0935","SYNPCC7002_A2035"
"986","SYNPCC7002_A0936","SYNPCC7002_A2040"
"987","SYNPCC7002_A0949","SYNPCC7002_A2041"
"988","SYNPCC7002_A0954","SYNPCC7002_A2046"
"989","SYNPCC7002_A0957","SYNPCC7002_A2048"
"990","SYNPCC7002_A0959","SYNPCC7002_A2051"
"991","SYNPCC7002_A0970","SYNPCC7002_A2052"
"992","SYNPCC7002_A0971","SYNPCC7002_A2055"
"993","SYNPCC7002_A0972","SYNPCC7002_A2056"
"994","SYNPCC7002_A0975","SYNPCC7002_A2057"
"995","SYNPCC7002_A0982","SYNPCC7002_A2059"
"996","SYNPCC7002_A1002","SYNPCC7002_A2063"
"997","SYNPCC7002_A1004","SYNPCC7002_A2067"
"998","SYNPCC7002_A1023","SYNPCC7002_A2068"
"999","SYNPCC7002_A1035","SYNPCC7002_A2070"
"1000","SYNPCC7002_A1068","SYNPCC7002_A2072"
"1001","SYNPCC7002_A1069","SYNPCC7002_A2074"
"1002","SYNPCC7002_A1074","SYNPCC7002_A2076"
"1003","SYNPCC7002_A1080","SYNPCC7002_A2077"
"1004","SYNPCC7002_A1084","SYNPCC7002_A2081"
"1005","SYNPCC7002_A1085","SYNPCC7002_A2084"
"1006","SYNPCC7002_A1089","SYNPCC7002_A2085"
"1007","SYNPCC7002_A1102","SYNPCC7002_A2086"
"1008","SYNPCC7002_A1110","SYNPCC7002_A2087"
"1009","SYNPCC7002_A1121","SYNPCC7002_A2088"
"1010","SYNPCC7002_A1122","SYNPCC7002_A2089"
"1011","SYNPCC7002_A1128","SYNPCC7002_A2092"
"1012","SYNPCC7002_A1132","SYNPCC7002_A2095"
"1013","SYNPCC7002_A1148","SYNPCC7002_A2097"
"1014","SYNPCC7002_A1149","SYNPCC7002_A2098"
"1015","SYNPCC7002_A1154","SYNPCC7002_A2099"
"1016","SYNPCC7002_A1156","SYNPCC7002_A2103"
"1017","SYNPCC7002_A1161","SYNPCC7002_A2104"
"1018","SYNPCC7002_A1162","SYNPCC7002_A2105"
"1019","SYNPCC7002_A1180","SYNPCC7002_A2109"
"1020","SYNPCC7002_A1181","SYNPCC7002_A2110"
"1021","SYNPCC7002_A1182","SYNPCC7002_A2111"
"1022","SYNPCC7002_A1184","SYNPCC7002_A2112"
"1023","SYNPCC7002_A1196","SYNPCC7002_A2114"
"1024","SYNPCC7002_A1197","SYNPCC7002_A2117"
"1025","SYNPCC7002_A1200","SYNPCC7002_A2118"
"1026","SYNPCC7002_A1202","SYNPCC7002_A2120"
"1027","SYNPCC7002_A1205","SYNPCC7002_A2121"
"1028","SYNPCC7002_A1206","SYNPCC7002_A2122"
"1029","SYNPCC7002_A1221","SYNPCC7002_A2123"
"1030","SYNPCC7002_A1226",NA
"1031","SYNPCC7002_A1229","SYNPCC7002_A2126"
"1032","SYNPCC7002_A1231","SYNPCC7002_A2130"
"1033","SYNPCC7002_A1232","SYNPCC7002_A2136"
"1034","SYNPCC7002_A1236","SYNPCC7002_A2137"
"1035","SYNPCC7002_A1237",NA
"1036","SYNPCC7002_A1249","SYNPCC7002_A2141"
"1037",NA,"SYNPCC7002_A2142"
"1038","SYNPCC7002_A1261","SYNPCC7002_A2144"
"1039","SYNPCC7002_A1262","SYNPCC7002_A2147"
"1040","SYNPCC7002_A1263","SYNPCC7002_A2152"
"1041","SYNPCC7002_A1266","SYNPCC7002_A2153"
"1042","SYNPCC7002_A1267","SYNPCC7002_A2155"
"1043","SYNPCC7002_A1277",NA
"1044","SYNPCC7002_A1284","SYNPCC7002_A2157"
"1045","SYNPCC7002_A1290","SYNPCC7002_A2158"
"1046","SYNPCC7002_A1291","SYNPCC7002_A2159"
"1047","SYNPCC7002_A1292","SYNPCC7002_A2161"
"1048","SYNPCC7002_A1293","SYNPCC7002_A2162"
"1049","SYNPCC7002_A1310","SYNPCC7002_A2163"
"1050","SYNPCC7002_A1311","SYNPCC7002_A2164"
"1051","SYNPCC7002_A1315","SYNPCC7002_A2165"
"1052","SYNPCC7002_A1321","SYNPCC7002_A2166"
"1053","SYNPCC7002_A1327","SYNPCC7002_A2168"
"1054","SYNPCC7002_A1338","SYNPCC7002_A2169"
"1055","SYNPCC7002_A1345","SYNPCC7002_A2175"
"1056","SYNPCC7002_A1346","SYNPCC7002_A2176"
"1057","SYNPCC7002_A1348","SYNPCC7002_A2177"
"1058","SYNPCC7002_A1357","SYNPCC7002_A2178"
"1059","SYNPCC7002_A1380","SYNPCC7002_A2182"
"1060","SYNPCC7002_A1396","SYNPCC7002_A2183"
"1061","SYNPCC7002_A1397","SYNPCC7002_A2184"
"1062","SYNPCC7002_A1399","SYNPCC7002_A2185"
"1063","SYNPCC7002_A1407","SYNPCC7002_A2186"
"1064","SYNPCC7002_A1409",NA
"1065","SYNPCC7002_A1411","SYNPCC7002_A2189"
"1066","SYNPCC7002_A1413","SYNPCC7002_A2190"
"1067","SYNPCC7002_A1415","SYNPCC7002_A2193"
"1068","SYNPCC7002_A1418",NA
"1069","SYNPCC7002_A1419","SYNPCC7002_A2196"
"1070","SYNPCC7002_A1426","SYNPCC7002_A2197"
"1071","SYNPCC7002_A1427","SYNPCC7002_A2199"
"1072","SYNPCC7002_A1428","SYNPCC7002_A2200"
"1073","SYNPCC7002_A1431","SYNPCC7002_A2202"
"1074","SYNPCC7002_A1432","SYNPCC7002_A2206"
"1075","SYNPCC7002_A1435","SYNPCC7002_A2207"
"1076","SYNPCC7002_A1437","SYNPCC7002_A2208"
"1077","SYNPCC7002_A1440","SYNPCC7002_A2213"
"1078","SYNPCC7002_A1442","SYNPCC7002_A2216"
"1079","SYNPCC7002_A1446","SYNPCC7002_A2219"
"1080","SYNPCC7002_A1447","SYNPCC7002_A2220"
"1081","SYNPCC7002_A1449","SYNPCC7002_A2223"
"1082","SYNPCC7002_A1453","SYNPCC7002_A2230"
"1083","SYNPCC7002_A1454","SYNPCC7002_A2231"
"1084","SYNPCC7002_A1456","SYNPCC7002_A2237"
"1085","SYNPCC7002_A1460","SYNPCC7002_A2238"
"1086","SYNPCC7002_A1462","SYNPCC7002_A2239"
"1087","SYNPCC7002_A1464","SYNPCC7002_A2240"
"1088","SYNPCC7002_A1468","SYNPCC7002_A2242"
"1089","SYNPCC7002_A1469",NA
"1090",NA,"SYNPCC7002_A2249"
"1091","SYNPCC7002_A1475","SYNPCC7002_A2250"
"1092","SYNPCC7002_A1483","SYNPCC7002_A2251"
"1093","SYNPCC7002_A1488","SYNPCC7002_A2252"
"1094","SYNPCC7002_A1489","SYNPCC7002_A2253"
"1095","SYNPCC7002_A1490","SYNPCC7002_A2254"
"1096","SYNPCC7002_A1497","SYNPCC7002_A2255"
"1097","SYNPCC7002_A1514","SYNPCC7002_A2257"
"1098","SYNPCC7002_A1518","SYNPCC7002_A2259"
"1099","SYNPCC7002_A1541","SYNPCC7002_A2260"
"1100","SYNPCC7002_A1545","SYNPCC7002_A2262"
"1101","SYNPCC7002_A1555","SYNPCC7002_A2263"
"1102","SYNPCC7002_A1556","SYNPCC7002_A2264"
"1103","SYNPCC7002_A1567","SYNPCC7002_A2265"
"1104","SYNPCC7002_A1574","SYNPCC7002_A2266"
"1105","SYNPCC7002_A1575","SYNPCC7002_A2267"
"1106","SYNPCC7002_A1578","SYNPCC7002_A2269"
"1107","SYNPCC7002_A1582","SYNPCC7002_A2270"
"1108","SYNPCC7002_A1586","SYNPCC7002_A2272"
"1109","SYNPCC7002_A1610","SYNPCC7002_A2274"
"1110","SYNPCC7002_A1615","SYNPCC7002_A2276"
"1111","SYNPCC7002_A1619","SYNPCC7002_A2277"
"1112","SYNPCC7002_A1621","SYNPCC7002_A2278"
"1113","SYNPCC7002_A1623","SYNPCC7002_A2279"
"1114","SYNPCC7002_A1632","SYNPCC7002_A2280"
"1115",NA,"SYNPCC7002_A2281"
"1116","SYNPCC7002_A1634","SYNPCC7002_A2283"
"1117",NA,"SYNPCC7002_A2287"
"1118","SYNPCC7002_A1644","SYNPCC7002_A2288"
"1119","SYNPCC7002_A1648","SYNPCC7002_A2289"
"1120","SYNPCC7002_A1655","SYNPCC7002_A2290"
"1121","SYNPCC7002_A1656","SYNPCC7002_A2292"
"1122","SYNPCC7002_A1661","SYNPCC7002_A2301"
"1123","SYNPCC7002_A1662","SYNPCC7002_A2303"
"1124","SYNPCC7002_A1671","SYNPCC7002_A2304"
"1125","SYNPCC7002_A1673","SYNPCC7002_A2309"
"1126","SYNPCC7002_A1688","SYNPCC7002_A2310"
"1127","SYNPCC7002_A1689","SYNPCC7002_A2312"
"1128","SYNPCC7002_A1693","SYNPCC7002_A2313"
"1129","SYNPCC7002_A1695","SYNPCC7002_A2315"
"1130","SYNPCC7002_A1699","SYNPCC7002_A2316"
"1131","SYNPCC7002_A1711","SYNPCC7002_A2317"
"1132","SYNPCC7002_A1712","SYNPCC7002_A2319"
"1133","SYNPCC7002_A1716","SYNPCC7002_A2320"
"1134","SYNPCC7002_A1717","SYNPCC7002_A2321"
"1135","SYNPCC7002_A1719","SYNPCC7002_A2324"
"1136","SYNPCC7002_A1721","SYNPCC7002_A2326"
"1137","SYNPCC7002_A1722","SYNPCC7002_A2328"
"1138","SYNPCC7002_A1723","SYNPCC7002_A2329"
"1139","SYNPCC7002_A1728","SYNPCC7002_A2330"
"1140","SYNPCC7002_A1729","SYNPCC7002_A2331"
"1141","SYNPCC7002_A1731","SYNPCC7002_A2333"
"1142","SYNPCC7002_A1732","SYNPCC7002_A2334"
"1143","SYNPCC7002_A1734","SYNPCC7002_A2337"
"1144","SYNPCC7002_A1735","SYNPCC7002_A2339"
"1145","SYNPCC7002_A1738","SYNPCC7002_A2340"
"1146","SYNPCC7002_A1743","SYNPCC7002_A2343"
"1147","SYNPCC7002_A1746","SYNPCC7002_A2347"
"1148","SYNPCC7002_A1750","SYNPCC7002_A2354"
"1149","SYNPCC7002_A1753","SYNPCC7002_A2355"
"1150","SYNPCC7002_A1765","SYNPCC7002_A2357"
"1151","SYNPCC7002_A1775","SYNPCC7002_A2359"
"1152","SYNPCC7002_A1778","SYNPCC7002_A2363"
"1153","SYNPCC7002_A1782","SYNPCC7002_A2365"
"1154","SYNPCC7002_A1793","SYNPCC7002_A2370"
"1155","SYNPCC7002_A1794","SYNPCC7002_A2371"
"1156","SYNPCC7002_A1801","SYNPCC7002_A2372"
"1157","SYNPCC7002_A1802","SYNPCC7002_A2373"
"1158","SYNPCC7002_A1803","SYNPCC7002_A2374"
"1159","SYNPCC7002_A1809","SYNPCC7002_A2375"
"1160","SYNPCC7002_A1811","SYNPCC7002_A2376"
"1161","SYNPCC7002_A1812","SYNPCC7002_A2377"
"1162","SYNPCC7002_A1813","SYNPCC7002_A2378"
"1163","SYNPCC7002_A1814","SYNPCC7002_A2379"
"1164","SYNPCC7002_A1828","SYNPCC7002_A2380"
"1165","SYNPCC7002_A1832","SYNPCC7002_A2381"
"1166","SYNPCC7002_A1835","SYNPCC7002_A2382"
"1167","SYNPCC7002_A1846","SYNPCC7002_A2387"
"1168","SYNPCC7002_A1848","SYNPCC7002_A2390"
"1169","SYNPCC7002_A1858","SYNPCC7002_A2391"
"1170","SYNPCC7002_A1866","SYNPCC7002_A2392"
"1171","SYNPCC7002_A1868","SYNPCC7002_A2393"
"1172","SYNPCC7002_A1871","SYNPCC7002_A2396"
"1173","SYNPCC7002_A1872","SYNPCC7002_A2398"
"1174","SYNPCC7002_A1873","SYNPCC7002_A2399"
"1175",NA,"SYNPCC7002_A2400"
"1176",NA,"SYNPCC7002_A2403"
"1177","SYNPCC7002_A1876","SYNPCC7002_A2404"
"1178",NA,"SYNPCC7002_A2406"
"1179","SYNPCC7002_A1878","SYNPCC7002_A2407"
"1180","SYNPCC7002_A1880","SYNPCC7002_A2410"
"1181","SYNPCC7002_A1882","SYNPCC7002_A2411"
"1182","SYNPCC7002_A1884","SYNPCC7002_A2413"
"1183","SYNPCC7002_A1888","SYNPCC7002_A2416"
"1184","SYNPCC7002_A1889","SYNPCC7002_A2419"
"1185","SYNPCC7002_A1890","SYNPCC7002_A2420"
"1186","SYNPCC7002_A1892","SYNPCC7002_A2423"
"1187","SYNPCC7002_A1907","SYNPCC7002_A2426"
"1188","SYNPCC7002_A1912","SYNPCC7002_A2432"
"1189","SYNPCC7002_A1913","SYNPCC7002_A2433"
"1190","SYNPCC7002_A1916","SYNPCC7002_A2434"
"1191","SYNPCC7002_A1917","SYNPCC7002_A2437"
"1192","SYNPCC7002_A1920","SYNPCC7002_A2438"
"1193","SYNPCC7002_A1932","SYNPCC7002_A2440"
"1194","SYNPCC7002_A1942","SYNPCC7002_A2441"
"1195","SYNPCC7002_A1948","SYNPCC7002_A2443"
"1196","SYNPCC7002_A1949","SYNPCC7002_A2453"
"1197","SYNPCC7002_A1952","SYNPCC7002_A2455"
"1198","SYNPCC7002_A1953","SYNPCC7002_A2460"
"1199","SYNPCC7002_A1955","SYNPCC7002_A2462"
"1200","SYNPCC7002_A1956","SYNPCC7002_A2463"
"1201","SYNPCC7002_A1973","SYNPCC7002_A2467"
"1202","SYNPCC7002_A1980","SYNPCC7002_A2468"
"1203","SYNPCC7002_A1981","SYNPCC7002_A2473"
"1204","SYNPCC7002_A1983","SYNPCC7002_A2478"
"1205","SYNPCC7002_A1984","SYNPCC7002_A2482"
"1206",NA,"SYNPCC7002_A2484"
"1207","SYNPCC7002_A1989","SYNPCC7002_A2485"
"1208","SYNPCC7002_A1990","SYNPCC7002_A2489"
"1209","SYNPCC7002_A1991","SYNPCC7002_A2490"
"1210","SYNPCC7002_A1992","SYNPCC7002_A2491"
"1211","SYNPCC7002_A1994","SYNPCC7002_A2492"
"1212","SYNPCC7002_A1996","SYNPCC7002_A2493"
"1213","SYNPCC7002_A1997","SYNPCC7002_A2495"
"1214","SYNPCC7002_A2004","SYNPCC7002_A2496"
"1215","SYNPCC7002_A2005","SYNPCC7002_A2497"
"1216","SYNPCC7002_A2006","SYNPCC7002_A2499"
"1217","SYNPCC7002_A2012","SYNPCC7002_A2504"
"1218","SYNPCC7002_A2013","SYNPCC7002_A2505"
"1219","SYNPCC7002_A2014","SYNPCC7002_A2507"
"1220","SYNPCC7002_A2016","SYNPCC7002_A2509"
"1221","SYNPCC7002_A2021","SYNPCC7002_A2511"
"1222","SYNPCC7002_A2023","SYNPCC7002_A2512"
"1223","SYNPCC7002_A2024","SYNPCC7002_A2516"
"1224","SYNPCC7002_A2026","SYNPCC7002_A2517"
"1225","SYNPCC7002_A2030","SYNPCC7002_A2519"
"1226","SYNPCC7002_A2042","SYNPCC7002_A2522"
"1227","SYNPCC7002_A2057","SYNPCC7002_A2523"
"1228","SYNPCC7002_A2059","SYNPCC7002_A2524"
"1229","SYNPCC7002_A2067","SYNPCC7002_A2528"
"1230","SYNPCC7002_A2070","SYNPCC7002_A2529"
"1231","SYNPCC7002_A2071","SYNPCC7002_A2530"
"1232","SYNPCC7002_A2074","SYNPCC7002_A2532"
"1233","SYNPCC7002_A2075","SYNPCC7002_A2535"
"1234","SYNPCC7002_A2076","SYNPCC7002_A2536"
"1235","SYNPCC7002_A2080","SYNPCC7002_A2537"
"1236","SYNPCC7002_A2084","SYNPCC7002_A2538"
"1237","SYNPCC7002_A2087","SYNPCC7002_A2539"
"1238","SYNPCC7002_A2089","SYNPCC7002_A2540"
"1239","SYNPCC7002_A2103","SYNPCC7002_A2541"
"1240","SYNPCC7002_A2104","SYNPCC7002_A2544"
"1241","SYNPCC7002_A2105","SYNPCC7002_A2547"
"1242","SYNPCC7002_A2108","SYNPCC7002_A2548"
"1243","SYNPCC7002_A2111","SYNPCC7002_A2551"
"1244","SYNPCC7002_A2112","SYNPCC7002_A2552"
"1245","SYNPCC7002_A2114","SYNPCC7002_A2559"
"1246","SYNPCC7002_A2121","SYNPCC7002_A2560"
"1247","SYNPCC7002_A2123","SYNPCC7002_A2567"
"1248",NA,"SYNPCC7002_A2576"
"1249","SYNPCC7002_A2126","SYNPCC7002_A2579"
"1250","SYNPCC7002_A2128","SYNPCC7002_A2582"
"1251","SYNPCC7002_A2130","SYNPCC7002_A2583"
"1252","SYNPCC7002_A2136","SYNPCC7002_A2584"
"1253","SYNPCC7002_A2137","SYNPCC7002_A2586"
"1254",NA,"SYNPCC7002_A2588"
"1255","SYNPCC7002_A2148","SYNPCC7002_A2590"
"1256","SYNPCC7002_A2149","SYNPCC7002_A2592"
"1257","SYNPCC7002_A2151","SYNPCC7002_A2593"
"1258","SYNPCC7002_A2152","SYNPCC7002_A2594"
"1259",NA,"SYNPCC7002_A2595"
"1260","SYNPCC7002_A2157","SYNPCC7002_A2602"
"1261","SYNPCC7002_A2162","SYNPCC7002_A2607"
"1262","SYNPCC7002_A2164","SYNPCC7002_A2611"
"1263","SYNPCC7002_A2166","SYNPCC7002_A2612"
"1264","SYNPCC7002_A2169","SYNPCC7002_A2614"
"1265","SYNPCC7002_A2184","SYNPCC7002_A2617"
"1266","SYNPCC7002_A2185","SYNPCC7002_A2622"
"1267",NA,"SYNPCC7002_A2628"
"1268","SYNPCC7002_A2193","SYNPCC7002_A2630"
"1269",NA,"SYNPCC7002_A2631"
"1270","SYNPCC7002_A2196","SYNPCC7002_A2632"
"1271","SYNPCC7002_A2200","SYNPCC7002_A2636"
"1272","SYNPCC7002_A2207","SYNPCC7002_A2637"
"1273","SYNPCC7002_A2208","SYNPCC7002_A2638"
"1274","SYNPCC7002_A2211","SYNPCC7002_A2639"
"1275","SYNPCC7002_A2213","SYNPCC7002_A2641"
"1276","SYNPCC7002_A2215","SYNPCC7002_A2642"
"1277","SYNPCC7002_A2220","SYNPCC7002_A2646"
"1278","SYNPCC7002_A2226","SYNPCC7002_A2648"
"1279","SYNPCC7002_A2233","SYNPCC7002_A2650"
"1280","SYNPCC7002_A2236",NA
"1281","SYNPCC7002_A2238","SYNPCC7002_A2653"
"1282","SYNPCC7002_A2240","SYNPCC7002_A2656"
"1283","SYNPCC7002_A2242","SYNPCC7002_A2660"
"1284",NA,NA
"1285","SYNPCC7002_A2248","SYNPCC7002_A2662"
"1286","SYNPCC7002_A2254","SYNPCC7002_A2663"
"1287","SYNPCC7002_A2255","SYNPCC7002_A2666"
"1288","SYNPCC7002_A2259","SYNPCC7002_A2667"
"1289","SYNPCC7002_A2262","SYNPCC7002_A2668"
"1290","SYNPCC7002_A2263","SYNPCC7002_A2669"
"1291","SYNPCC7002_A2265","SYNPCC7002_A2670"
"1292","SYNPCC7002_A2266","SYNPCC7002_A2677"
"1293","SYNPCC7002_A2269","SYNPCC7002_A2678"
"1294","SYNPCC7002_A2279","SYNPCC7002_A2679"
"1295","SYNPCC7002_A2280","SYNPCC7002_A2680"
"1296","SYNPCC7002_A2281","SYNPCC7002_A2681"
"1297","SYNPCC7002_A2283","SYNPCC7002_A2683"
"1298","SYNPCC7002_A2287","SYNPCC7002_A2684"
"1299","SYNPCC7002_A2293","SYNPCC7002_A2685"
"1300","SYNPCC7002_A2296","SYNPCC7002_A2686"
"1301","SYNPCC7002_A2304","SYNPCC7002_A2687"
"1302","SYNPCC7002_A2319","SYNPCC7002_A2688"
"1303","SYNPCC7002_A2320","SYNPCC7002_A2689"
"1304","SYNPCC7002_A2327","SYNPCC7002_A2692"
"1305","SYNPCC7002_A2328","SYNPCC7002_A2694"
"1306","SYNPCC7002_A2341","SYNPCC7002_A2695"
"1307","SYNPCC7002_A2347","SYNPCC7002_A2697"
"1308","SYNPCC7002_A2354","SYNPCC7002_A2698"
"1309","SYNPCC7002_A2355","SYNPCC7002_A2699"
"1310","SYNPCC7002_A2357","SYNPCC7002_A2704"
"1311","SYNPCC7002_A2358","SYNPCC7002_A2706"
"1312","SYNPCC7002_A2363","SYNPCC7002_A2709"
"1313","SYNPCC7002_A2365","SYNPCC7002_A2710"
"1314","SYNPCC7002_A2368","SYNPCC7002_A2711"
"1315","SYNPCC7002_A2369","SYNPCC7002_A2712"
"1316","SYNPCC7002_A2370","SYNPCC7002_A2713"
"1317","SYNPCC7002_A2371","SYNPCC7002_A2714"
"1318","SYNPCC7002_A2372","SYNPCC7002_A2716"
"1319","SYNPCC7002_A2373","SYNPCC7002_A2717"
"1320","SYNPCC7002_A2374","SYNPCC7002_A2718"
"1321","SYNPCC7002_A2375","SYNPCC7002_A2719"
"1322","SYNPCC7002_A2376","SYNPCC7002_A2723"
"1323","SYNPCC7002_A2377","SYNPCC7002_A2724"
"1324","SYNPCC7002_A2378",NA
"1325","SYNPCC7002_A2379","SYNPCC7002_A2728"
"1326","SYNPCC7002_A2380","SYNPCC7002_A2729"
"1327","SYNPCC7002_A2381","SYNPCC7002_A2730"
"1328","SYNPCC7002_A2385","SYNPCC7002_A2731"
"1329","SYNPCC7002_A2386","SYNPCC7002_A2732"
"1330","SYNPCC7002_A2395","SYNPCC7002_A2733"
"1331","SYNPCC7002_A2397","SYNPCC7002_A2734"
"1332","SYNPCC7002_A2398","SYNPCC7002_A2737"
"1333","SYNPCC7002_A2403","SYNPCC7002_A2738"
"1334","SYNPCC7002_A2406","SYNPCC7002_A2739"
"1335","SYNPCC7002_A2411","SYNPCC7002_A2740"
"1336","SYNPCC7002_A2416","SYNPCC7002_A2741"
"1337","SYNPCC7002_A2423","SYNPCC7002_A2742"
"1338","SYNPCC7002_A2424",NA
"1339","SYNPCC7002_A2429","SYNPCC7002_A2744"
"1340","SYNPCC7002_A2434","SYNPCC7002_A2745"
"1341","SYNPCC7002_A2436",NA
"1342","SYNPCC7002_A2440","SYNPCC7002_A2747"
"1343","SYNPCC7002_A2441","SYNPCC7002_A2748"
"1344","SYNPCC7002_A2447","SYNPCC7002_A2749"
"1345","SYNPCC7002_A2454","SYNPCC7002_A2750"
"1346","SYNPCC7002_A2455","SYNPCC7002_A2751"
"1347","SYNPCC7002_A2456","SYNPCC7002_A2755"
"1348","SYNPCC7002_A2465","SYNPCC7002_A2757"
"1349","SYNPCC7002_A2470","SYNPCC7002_A2758"
"1350","SYNPCC7002_A2473","SYNPCC7002_A2759"
"1351","SYNPCC7002_A2481","SYNPCC7002_A2760"
"1352","SYNPCC7002_A2485","SYNPCC7002_A2762"
"1353","SYNPCC7002_A2491","SYNPCC7002_A2763"
"1354","SYNPCC7002_A2492","SYNPCC7002_A2764"
"1355","SYNPCC7002_A2493","SYNPCC7002_A2765"
"1356","SYNPCC7002_A2494","SYNPCC7002_A2768"
"1357","SYNPCC7002_A2499","SYNPCC7002_A2769"
"1358","SYNPCC7002_A2500","SYNPCC7002_A2772"
"1359","SYNPCC7002_A2502","SYNPCC7002_A2776"
"1360","SYNPCC7002_A2505","SYNPCC7002_A2780"
"1361","SYNPCC7002_A2516","SYNPCC7002_A2781"
"1362","SYNPCC7002_A2522","SYNPCC7002_A2783"
"1363","SYNPCC7002_A2537","SYNPCC7002_A2785"
"1364","SYNPCC7002_A2538","SYNPCC7002_A2787"
"1365","SYNPCC7002_A2540","SYNPCC7002_A2788"
"1366","SYNPCC7002_A2541","SYNPCC7002_A2789"
"1367","SYNPCC7002_A2549","SYNPCC7002_A2791"
"1368","SYNPCC7002_A2558","SYNPCC7002_A2792"
"1369","SYNPCC7002_A2559",NA
"1370","SYNPCC7002_A2560","SYNPCC7002_A2798"
"1371","SYNPCC7002_A2563","SYNPCC7002_A2801"
"1372","SYNPCC7002_A2567","SYNPCC7002_A2803"
"1373","SYNPCC7002_A2570","SYNPCC7002_A2804"
"1374","SYNPCC7002_A2572","SYNPCC7002_A2805"
"1375","SYNPCC7002_A2573","SYNPCC7002_A2809"
"1376","SYNPCC7002_A2582","SYNPCC7002_A2811"
"1377","SYNPCC7002_A2586","SYNPCC7002_A2817"
"1378","SYNPCC7002_A2588","SYNPCC7002_A2818"
"1379","SYNPCC7002_A2592","SYNPCC7002_A2820"
"1380","SYNPCC7002_A2611","SYNPCC7002_A2822"
"1381","SYNPCC7002_A2615","SYNPCC7002_A2823"
"1382","SYNPCC7002_A2628","SYNPCC7002_A2824"
"1383","SYNPCC7002_A2642","SYNPCC7002_A2825"
"1384","SYNPCC7002_A2646","SYNPCC7002_A2826"
"1385","SYNPCC7002_A2650","SYNPCC7002_A2831"
"1386","SYNPCC7002_A2651","SYNPCC7002_A2832"
"1387",NA,"SYNPCC7002_A2834"
"1388","SYNPCC7002_A2656","SYNPCC7002_A2835"
"1389","SYNPCC7002_A2657","SYNPCC7002_A2837"
"1390","SYNPCC7002_A2660","SYNPCC7002_A2838"
"1391",NA,"SYNPCC7002_A2839"
"1392","SYNPCC7002_A2667","SYNPCC7002_A2840"
"1393","SYNPCC7002_A2671","SYNPCC7002_A2844"
"1394","SYNPCC7002_A2673","SYNPCC7002_A2845"
"1395","SYNPCC7002_A2676","SYNPCC7002_A2847"
"1396","SYNPCC7002_A2677","SYNPCC7002_A2848"
"1397","SYNPCC7002_A2679","SYNPCC7002_A2850"
"1398","SYNPCC7002_A2685","SYNPCC7002_A2854"
"1399","SYNPCC7002_A2687","SYNPCC7002_A2855"
"1400","SYNPCC7002_A2692","SYNPCC7002_A2856"
"1401","SYNPCC7002_A2698","SYNPCC7002_A2858"
"1402","SYNPCC7002_A2704","SYNPCC7002_A2860"
"1403","SYNPCC7002_A2714","SYNPCC7002_A2861"
"1404","SYNPCC7002_A2716","SYNPCC7002_A2862"
"1405","SYNPCC7002_A2719","SYNPCC7002_A2866"
"1406",NA,"SYNPCC7002_A2868"
"1407","SYNPCC7002_A2730","SYNPCC7002_A2869"
"1408","SYNPCC7002_A2734","SYNPCC7002_A2870"
"1409","SYNPCC7002_A2738",NA
"1410","SYNPCC7002_A2740","SYNPCC7002_A2873"
"1411","SYNPCC7002_A2743","SYNPCC7002_A2874"
"1412","SYNPCC7002_A2746","SYNPCC7002_B0002"
"1413","SYNPCC7002_A2748","SYNPCC7002_C0001"
"1414","SYNPCC7002_A2749","SYNPCC7002_C0002"
"1415","SYNPCC7002_A2750","SYNPCC7002_C0007"
"1416","SYNPCC7002_A2758","SYNPCC7002_C0010"
"1417","SYNPCC7002_A2760","SYNPCC7002_C0011"
"1418","SYNPCC7002_A2761","SYNPCC7002_C0012"
"1419","SYNPCC7002_A2768","SYNPCC7002_C0013"
"1420","SYNPCC7002_A2770","SYNPCC7002_C0015"
"1421","SYNPCC7002_A2771",NA
"1422","SYNPCC7002_A2780",NA
"1423","SYNPCC7002_A2784","SYNPCC7002_D0001"
"1424","SYNPCC7002_A2786","SYNPCC7002_D0004"
"1425","SYNPCC7002_A2787","SYNPCC7002_D0006"
"1426","SYNPCC7002_A2794","SYNPCC7002_D0008"
"1427","SYNPCC7002_A2798","SYNPCC7002_D0009"
"1428","SYNPCC7002_A2800","SYNPCC7002_D0010"
"1429","SYNPCC7002_A2821",NA
"1430","SYNPCC7002_A2825","SYNPCC7002_D0014"
"1431","SYNPCC7002_A2827","SYNPCC7002_D0016"
"1432","SYNPCC7002_A2841","SYNPCC7002_D0017"
"1433","SYNPCC7002_A2854","SYNPCC7002_D0018"
"1434","SYNPCC7002_A2864","SYNPCC7002_D0019"
"1435","SYNPCC7002_A2868","SYNPCC7002_D0020"
"1436","SYNPCC7002_A2870","SYNPCC7002_D0023"
"1437","SYNPCC7002_A2871","SYNPCC7002_D0029"
"1438","SYNPCC7002_A2873","SYNPCC7002_D0030"
"1439","SYNPCC7002_A2880","SYNPCC7002_E0001"
"1440","SYNPCC7002_B0003","SYNPCC7002_E0002"
"1441","SYNPCC7002_C0006","SYNPCC7002_E0003"
"1442","SYNPCC7002_C0007",NA
"1443","SYNPCC7002_C0010","SYNPCC7002_E0005"
"1444","SYNPCC7002_C0011","SYNPCC7002_E0006"
"1445","SYNPCC7002_C0012",NA
"1446","SYNPCC7002_C0015","SYNPCC7002_E0008"
"1447",NA,"SYNPCC7002_E0009"
"1448","SYNPCC7002_C0017","SYNPCC7002_E0012"
"1449","SYNPCC7002_D0002","SYNPCC7002_E0013"
"1450","SYNPCC7002_D0004","SYNPCC7002_E0015"
"1451","SYNPCC7002_D0009","SYNPCC7002_E0023"
"1452","SYNPCC7002_D0010",NA
"1453","SYNPCC7002_D0012","SYNPCC7002_E0030"
"1454",NA,"SYNPCC7002_E0031"
"1455","SYNPCC7002_D0016","SYNPCC7002_E0035"
"1456","SYNPCC7002_D0017","SYNPCC7002_E0036"
"1457","SYNPCC7002_D0029","SYNPCC7002_E0037"
"1458","SYNPCC7002_E0002","SYNPCC7002_F0001"
"1459","SYNPCC7002_E0003","SYNPCC7002_F0002"
"1460","SYNPCC7002_E0004","SYNPCC7002_F0004"
"1461","SYNPCC7002_E0006","SYNPCC7002_F0005"
"1462","SYNPCC7002_E0007","SYNPCC7002_F0009"
"1463","SYNPCC7002_E0009","SYNPCC7002_F0010"
"1464","SYNPCC7002_E0013",NA
"1465","SYNPCC7002_E0016","SYNPCC7002_F0012"
"1466","SYNPCC7002_E0018","SYNPCC7002_F0013"
"1467",NA,"SYNPCC7002_F0014"
"1468","SYNPCC7002_E0027","SYNPCC7002_F0015"
"1469","SYNPCC7002_E0034","SYNPCC7002_F0017"
"1470","SYNPCC7002_E0037","SYNPCC7002_F0021"
"1471","SYNPCC7002_E0039","SYNPCC7002_F0022"
"1472","SYNPCC7002_F0004","SYNPCC7002_F0024"
"1473","SYNPCC7002_F0005","SYNPCC7002_F0025"
"1474","SYNPCC7002_F0006","SYNPCC7002_F0027"
"1475","SYNPCC7002_F0007","SYNPCC7002_F0029"
"1476",NA,"SYNPCC7002_F0030"
"1477","SYNPCC7002_F0012","SYNPCC7002_F0032"
"1478","SYNPCC7002_F0021","SYNPCC7002_F0033"
"1479","SYNPCC7002_F0030","SYNPCC7002_F0036"
"1480","SYNPCC7002_F0034","SYNPCC7002_F0037"
"1481","SYNPCC7002_F0049","SYNPCC7002_F0038"
"1482",NA,"SYNPCC7002_F0039"
"1483","SYNPCC7002_F0054","SYNPCC7002_F0041"
"1484","SYNPCC7002_F0056","SYNPCC7002_F0043"
"1485","SYNPCC7002_F0059","SYNPCC7002_F0044"
"1486","SYNPCC7002_F0068","SYNPCC7002_F0045"
"1487",NA,"SYNPCC7002_F0046"
"1488","SYNPCC7002_F0074","SYNPCC7002_F0048"
"1489","SYNPCC7002_F0075","SYNPCC7002_F0049"
"1490","SYNPCC7002_F0076",NA
"1491","SYNPCC7002_F0082","SYNPCC7002_F0051"
"1492","SYNPCC7002_F0084","SYNPCC7002_F0052"
"1493",NA,"SYNPCC7002_F0053"
"1494","SYNPCC7002_F0096",NA
"1495",NA,"SYNPCC7002_F0055"
"1496","SYNPCC7002_F0105","SYNPCC7002_F0057"
"1497","SYNPCC7002_F0106","SYNPCC7002_F0058"
"1498","SYNPCC7002_F0108","SYNPCC7002_F0059"
"1499","SYNPCC7002_G0002","SYNPCC7002_F0062"
"1500","SYNPCC7002_G0005","SYNPCC7002_F0063"
"1501","SYNPCC7002_G0008","SYNPCC7002_F0064"
"1502","SYNPCC7002_G0009","SYNPCC7002_F0067"
"1503","SYNPCC7002_G0010","SYNPCC7002_F0068"
"1504","SYNPCC7002_G0011","SYNPCC7002_F0069"
"1505","SYNPCC7002_G0012","SYNPCC7002_F0070"
"1506","SYNPCC7002_G0014",NA
"1507","SYNPCC7002_G0017","SYNPCC7002_F0074"
"1508","SYNPCC7002_G0018","SYNPCC7002_F0075"
"1509","SYNPCC7002_G0019","SYNPCC7002_F0076"
"1510","SYNPCC7002_G0020","SYNPCC7002_F0077"
"1511","SYNPCC7002_G0021","SYNPCC7002_F0078"
"1512","SYNPCC7002_G0022","SYNPCC7002_F0079"
"1513","SYNPCC7002_G0023","SYNPCC7002_F0080"
"1514","SYNPCC7002_G0024","SYNPCC7002_F0081"
"1515","SYNPCC7002_G0026","SYNPCC7002_F0082"
"1516","SYNPCC7002_G0030","SYNPCC7002_F0084"
"1517","SYNPCC7002_G0031","SYNPCC7002_F0085"
"1518","SYNPCC7002_G0032","SYNPCC7002_F0087"
"1519","SYNPCC7002_G0033","SYNPCC7002_F0090"
"1520","SYNPCC7002_G0034","SYNPCC7002_F0091"
"1521","SYNPCC7002_G0035","SYNPCC7002_F0093"
"1522","SYNPCC7002_G0036","SYNPCC7002_F0094"
"1523","SYNPCC7002_G0037",NA
"1524","SYNPCC7002_G0038",NA
"1525","SYNPCC7002_G0040","SYNPCC7002_F0097"
"1526","SYNPCC7002_G0043","SYNPCC7002_F0100"
"1527","SYNPCC7002_G0048","SYNPCC7002_F0102"
"1528",NA,"SYNPCC7002_F0103"
"1529","SYNPCC7002_G0057",NA
"1530","SYNPCC7002_G0058",NA
"1531","SYNPCC7002_G0062",NA
"1532","SYNPCC7002_G0064","SYNPCC7002_F0107"
"1533","SYNPCC7002_G0065","SYNPCC7002_F0108"
"1534","SYNPCC7002_G0068","SYNPCC7002_F0109"
"1535","SYNPCC7002_G0069","SYNPCC7002_G0002"
"1536","SYNPCC7002_G0072","SYNPCC7002_G0003"
"1537","SYNPCC7002_G0075","SYNPCC7002_G0004"
"1538","SYNPCC7002_G0076","SYNPCC7002_G0005"
"1539","SYNPCC7002_G0078","SYNPCC7002_G0006"
"1540","SYNPCC7002_G0079","SYNPCC7002_G0008"
"1541","SYNPCC7002_G0080","SYNPCC7002_G0009"
"1542","SYNPCC7002_G0081","SYNPCC7002_G0010"
"1543","SYNPCC7002_G0082","SYNPCC7002_G0011"
"1544","SYNPCC7002_G0083","SYNPCC7002_G0013"
"1545","SYNPCC7002_G0084","SYNPCC7002_G0014"
"1546","SYNPCC7002_G0089","SYNPCC7002_G0015"
"1547","SYNPCC7002_G0092","SYNPCC7002_G0016"
"1548","SYNPCC7002_G0093",NA
"1549","SYNPCC7002_G0099","SYNPCC7002_G0018"
"1550","SYNPCC7002_G0101","SYNPCC7002_G0022"
"1551","SYNPCC7002_G0102","SYNPCC7002_G0023"
"1552","SYNPCC7002_G0103","SYNPCC7002_G0024"
"1553","SYNPCC7002_G0104","SYNPCC7002_G0026"
"1554","SYNPCC7002_G0109","SYNPCC7002_G0027"
"1555","SYNPCC7002_G0110","SYNPCC7002_G0028"
"1556","SYNPCC7002_G0112","SYNPCC7002_G0031"
"1557","SYNPCC7002_G0113","SYNPCC7002_G0032"
"1558","SYNPCC7002_G0114","SYNPCC7002_G0034"
"1559",NA,"SYNPCC7002_G0036"
"1560","SYNPCC7002_G0116","SYNPCC7002_G0038"
"1561","SYNPCC7002_G0117","SYNPCC7002_G0039"
"1562","SYNPCC7002_G0119","SYNPCC7002_G0042"
"1563","SYNPCC7002_G0125","SYNPCC7002_G0043"
"1564","SYNPCC7002_G0127","SYNPCC7002_G0044"
"1565","SYNPCC7002_G0128","SYNPCC7002_G0045"
"1566","SYNPCC7002_G0132","SYNPCC7002_G0046"
"1567","SYNPCC7002_G0138","SYNPCC7002_G0047"
"1568","SYNPCC7002_G0139","SYNPCC7002_G0048"
"1569","SYNPCC7002_G0141","SYNPCC7002_G0050"
"1570","SYNPCC7002_G0144","SYNPCC7002_G0051"
"1571","SYNPCC7002_G0145","SYNPCC7002_G0052"
"1572","SYNPCC7002_G0146","SYNPCC7002_G0054"
"1573","SYNPCC7002_G0152","SYNPCC7002_G0055"
"1574","SYNPCC7002_G0158",NA
"1575","SYNPCC7002_G0160","SYNPCC7002_G0057"
"1576","SYNPCC7002_G0161","SYNPCC7002_G0058"
"1577","SYNPCC7002_G0162","SYNPCC7002_G0061"
"1578","SYNPCC7002_G0164","SYNPCC7002_G0062"
"1579",NA,"SYNPCC7002_G0063"
"1580",NA,"SYNPCC7002_G0065"
"1581",NA,"SYNPCC7002_G0067"
"1582",NA,"SYNPCC7002_G0068"
"1583",NA,"SYNPCC7002_G0069"
"1584",NA,"SYNPCC7002_G0070"
"1585",NA,"SYNPCC7002_G0071"
"1586",NA,"SYNPCC7002_G0072"
"1587",NA,"SYNPCC7002_G0073"
"1588",NA,NA
"1589",NA,"SYNPCC7002_G0077"
"1590",NA,"SYNPCC7002_G0078"
"1591",NA,"SYNPCC7002_G0079"
"1592",NA,"SYNPCC7002_G0080"
"1593",NA,"SYNPCC7002_G0081"
"1594",NA,"SYNPCC7002_G0082"
"1595",NA,"SYNPCC7002_G0083"
"1596",NA,"SYNPCC7002_G0084"
"1597",NA,"SYNPCC7002_G0087"
"1598",NA,"SYNPCC7002_G0089"
"1599",NA,"SYNPCC7002_G0090"
"1600",NA,"SYNPCC7002_G0091"
"1601",NA,"SYNPCC7002_G0092"
"1602",NA,"SYNPCC7002_G0093"
"1603",NA,"SYNPCC7002_G0094"
"1604",NA,"SYNPCC7002_G0096"
"1605",NA,"SYNPCC7002_G0097"
"1606",NA,"SYNPCC7002_G0098"
"1607",NA,"SYNPCC7002_G0099"
"1608",NA,"SYNPCC7002_G0101"
"1609",NA,"SYNPCC7002_G0102"
"1610",NA,"SYNPCC7002_G0103"
"1611",NA,"SYNPCC7002_G0104"
"1612",NA,"SYNPCC7002_G0105"
"1613",NA,"SYNPCC7002_G0106"
"1614",NA,"SYNPCC7002_G0107"
"1615",NA,"SYNPCC7002_G0109"
"1616",NA,"SYNPCC7002_G0110"
"1617",NA,"SYNPCC7002_G0111"
"1618",NA,"SYNPCC7002_G0112"
"1619",NA,"SYNPCC7002_G0114"
"1620",NA,NA
"1621",NA,"SYNPCC7002_G0118"
"1622",NA,"SYNPCC7002_G0119"
"1623",NA,"SYNPCC7002_G0120"
"1624",NA,"SYNPCC7002_G0121"
"1625",NA,"SYNPCC7002_G0122"
"1626",NA,"SYNPCC7002_G0123"
"1627",NA,"SYNPCC7002_G0124"
"1628",NA,"SYNPCC7002_G0125"
"1629",NA,"SYNPCC7002_G0127"
"1630",NA,"SYNPCC7002_G0128"
"1631",NA,"SYNPCC7002_G0129"
"1632",NA,"SYNPCC7002_G0131"
"1633",NA,"SYNPCC7002_G0132"
"1634",NA,"SYNPCC7002_G0134"
"1635",NA,"SYNPCC7002_G0135"
"1636",NA,"SYNPCC7002_G0136"
"1637",NA,"SYNPCC7002_G0138"
"1638",NA,"SYNPCC7002_G0139"
"1639",NA,"SYNPCC7002_G0140"
"1640",NA,"SYNPCC7002_G0141"
"1641",NA,"SYNPCC7002_G0142"
"1642",NA,"SYNPCC7002_G0143"
"1643",NA,"SYNPCC7002_G0144"
"1644",NA,"SYNPCC7002_G0145"
"1645",NA,"SYNPCC7002_G0146"
"1646",NA,"SYNPCC7002_G0147"
"1647",NA,"SYNPCC7002_G0148"
"1648",NA,"SYNPCC7002_G0149"
"1649",NA,"SYNPCC7002_G0152"
"1650",NA,"SYNPCC7002_G0153"
"1651",NA,"SYNPCC7002_G0155"
"1652",NA,"SYNPCC7002_G0156"
"1653",NA,"SYNPCC7002_G0158"
"1654",NA,"SYNPCC7002_G0159"
"1655",NA,NA
"1656",NA,"SYNPCC7002_G0161"
"1657",NA,"SYNPCC7002_G0162"
"1658",NA,"SYNPCC7002_G0164"
"1659",NA,"SYNPCC7002_G0165"
