"","LL_LO2","LL_HO2","HL_LO2","HL_HO2","HL_VHO2","Locus.tag","Ortholog.group","Genome.count.calc","Reference..PMID.","Curated.Product.Descriptor","Gene","Gene.Aliases","Functional.role","regulon","cofactor","substrate","Regulator.family","Merops.family","CAZY","TC.family","E.C.","evolution","Genome.count.calc.1","Loc.Sys","Loc.Cleave","protein.localization","X7002","X6803"
"SYNPCC7002_A0068",0.575898125327762,1.34945871171246,-0.30711848976854,-1.28009321409843,-0.338145133173253,"7002_A0068","cyan2298a",14,"na","lipid A disaccharide synthase LpxB","lpxB","na","Lipopolysaccharide synth - LipidA","na","na","na","na","na","GT19","na","2.4.1.182","core",2,"na","na","cyt","7002_A0068","slr0015 "
"SYNPCC7002_A0203",0.789321398516808,0.484470324905612,-0.938377050656295,-1.21781619825823,0.882401525492103,"7002_A0203","cyan1790",7,"na","[NiFe] hydrogenase nickel incorporation-associated protein HypB","hypB","na","Hydrogenase: maturation","na","na","na","na","na","na","na","na","na",2,"na","na","cyt","7002_A0203","sll1432 "
"SYNPCC7002_A0264",-0.841741153835569,1.30993358856223,-0.847090571008975,-0.437528399222952,0.816426535505265,"7002_A0264","cyan4274",10,"na","S-adenosyl-l-methionine hydroxide adenosyltransferase","na","na","na","NtcA","2Fe-2S","na","na","na","na","na","na","na",2,"na","na","cyt","7002_A0264","na "
"SYNPCC7002_A0281",0.123508693715595,1.08346502120482,-1.47968557623083,-0.404103996743224,0.676815858053644,"7002_A0281","cyan2931",12,"na","queuosine biosynthesis ATPase QueC","queC","na","tRNA modification: queuosine synth","na","na","na","na","na","na","na","na","na",2,"na","na","cyt","7002_A0281","slr0527 "
"SYNPCC7002_A0321",-0.0852032356700324,1.38381772545519,0.403918485888654,-0.368913141483612,-1.3336198341902,NA,NA,NA,NA,NA,NA,NA,NA,NA,NA,NA,NA,NA,NA,NA,NA,NA,NA,NA,NA,NA,NA,NA
"SYNPCC7002_A0370",0.691044501266665,1.12024375268508,-0.281444898323219,-1.47839552269809,-0.0514478329304287,"7002_A0370","cyan5438",7,"na","conserved hypothetical protein","na","na","na","na","na","na","na","na","na","na","na","na",2,"Sec","na","IM 1 TM","7002_A0370","na "
"SYNPCC7002_A0631",0.456098748974161,1.40527111955319,-0.906009897009825,-0.997284037256246,0.0419240657387226,"7002_A0631","cyan10561",1,"na","toxin-antitoxin system toxin PIN family","na","na","Toxin-antitoxin","na","na","na","na","na","na","na","na","na",2,"na","na","cyt","7002_A0631","na "
"SYNPCC7002_A0757",-1.02907318748791,1.64670917203424,-0.350012977362255,0.0546522279621786,-0.322275235146254,"7002_A0757","cyan2169",14,"na","DNA recombination and repair protein RecO","recO","na","DNA Repair","na","Zn","na","na","na","na","na","na","core",2,"na","na","cyt","7002_A0757","slr0181 "
"SYNPCC7002_A0791",-1.00839840690568,1.52872223577195,-0.719500039405634,-0.133462415733129,0.332638626272495,"7002_A0791","cyan1323",14,"18325343","GntR family transcriptional regulator controlling phycobilisome degradation","na","na","Phycobilisome turnover","na","na","na","GntR","na","na","na","na","core",2,"na","na","cyt","7002_A0791","sll1961 "
"SYNPCC7002_A0804",0.497853126863582,0.626913906797994,-1.77395414473081,0.351851190599017,0.297335920470216,"7002_A0804","cyan2010",5,"na","conserved hypothetical protein","na","na","na","na","na","na","na","na","na","na","na","na",2,"Sec","LspA","LP -IM","7002_A0804","sll0361 "
"SYNPCC7002_A0966",0.443634196555342,1.34774367853945,-0.257929430572554,-0.15659471984204,-1.3768537246802,"7002_A0966","cyan10631",1,"na","protein of unknown function DUF29","na","na","na","na","na","na","na","na","na","na","na","na",2,"na","na","cyt","7002_A0966","na "
"SYNPCC7002_A1244",-0.413474303516184,1.0004164932522,0.54602321600282,0.405180608840523,-1.53814601457935,"7002_A1244","cyan1454",14,"na","thiol:disulfide interchange protein TrxA","trxA","na","na","na","na","na","na","na","na","na","na","core",2,"Sec","LepB","peri","7002_A1244","sll1980 "
"SYNPCC7002_A1322",-0.812879012588305,1.71537017258419,-0.135769460737275,-0.588748840242255,-0.177972859016356,"7002_A1322","cyan10702",2,"na","toxin-antitoxin system antidote, Mnt family","na","na","Toxin-antitoxin","na","na","na","na","na","na","na","na","na",2,"na","na","cyt","7002_A1322","na "
"SYNPCC7002_A1432",0.788567455455826,1.3393720221608,-0.762760919548747,-0.494728311355962,-0.870450246711918,"7002_A1432","cyan1011",7,"na","Na+-transporting NADH:ubiquinone oxidoreductase subunit 2","na","na","NDH-1 complex?","na","na","na","na","na","na","na","na","na",2,"Sec","na","IM 9 TM","7002_A1432","slr1442 "
"SYNPCC7002_A2114",-0.880995882909758,1.37439329451586,-0.264259421590321,0.672452026043135,-0.901590016058918,NA,NA,NA,NA,NA,NA,NA,NA,NA,NA,NA,NA,NA,NA,NA,NA,NA,NA,NA,NA,NA,NA,NA
"SYNPCC7002_A2128",-0.435003391781846,1.61176214368934,0.0816945062470934,-1.08445654213077,-0.173996716023819,"7002_A2128","cyan10888",1,"na","hypothetical protein","na","na","na","na","na","na","na","na","na","na","na","na",2,"Sec","na","IM 1 TM","7002_A2128","na "
"SYNPCC7002_A2422",0.954685509673868,1.0098433112338,-1.37702986471979,-0.292464121338266,-0.295034834849614,"7002_A2422","cyan1442",2,"na","bifunctional catalase/peroxidase HPI, KatG","katG","na","Oxidative stress","na","na","na","na","na","na","na","1.11.1.7 1.11.1.6","na",2,"na","na","cyt","7002_A2422","sll1987 "
"SYNPCC7002_A2423",0.686014509857029,0.99937542941577,-0.0043844307779738,-1.58807343997467,-0.0929320685201552,"7002_A2423","cyan0970",3,"na","universal stress protein, UspA","uspA","na","na","na","na","na","na","na","na","na","na","na",2,"na","na","cyt","7002_A2423","slr1230 "
"SYNPCC7002_A2576",0.221685210221242,1.0504970714297,-1.64063928825265,-0.0252160161687366,0.393673022770444,"7002_A2576","cyan4199",10,"na","hypothetical protein","na","na","na","na","na","na","na","na","na","na","na","check",2,"na","na","cyt","7002_A2576","na "
"SYNPCC7002_A2579",0.732618510971058,0.259037028425298,-1.50877876799486,-0.44359518719063,0.960718415789129,"7002_A2579","cyan10974",1,"na","hypothetical protein","na","na","na","na","na","na","na","na","na","na","na","na",2,"Sec Bam","LepB","OM","7002_A2579","na "
"SYNPCC7002_A2670",0.967415847811021,0.999367441353375,-1.37357272842312,-0.333482574276662,-0.259727986464612,"7002_A2670","cyan2367",2,"na","alpha/beta hydrolase fold protein","na","na","Proteolysis","na","na","na","na","S33","na","na","na","na",2,"na","na","cyt","7002_A2670","slr0440 "
"SYNPCC7002_A2672",0.678868298770325,1.29106904320357,-1.22840502781838,-0.160570343884207,-0.580961970271311,"7002_A2672","cyan2036",6,"na","phycobilisome protein","na","na","Phycobilisome","na","na","na","na","na","na","na","na","na",2,"na","na","cyt","7002_A2672","slr0149 "
"SYNPCC7002_A2673",0.824277427645748,1.2573378334926,-1.13453484326057,-0.428716525434706,-0.518363892443071,"7002_A2673","cyan10999",1,"na","hypothetical protein","na","na","na","na","na","na","na","na","na","na","na","na",2,"na","na","cyt","7002_A2673","na "
"SYNPCC7002_D0012",0.232039762694905,1.31125733280337,-0.531997414015354,-1.35192904534687,0.340629363863943,"7002_D0012","cyan9988a",1,"na","hypothetical protein","na","na","Plasmid mobility?","na","na","na","na","na","na","na","na","pAQ4",2,"na","na","cyt","7002_D0012","na "
"SYNPCC7002_F0024",-0.737793660711428,1.6628435183809,-0.268618655973996,-0.777105901464552,0.120674699769078,"7002_F0024","cyan10049",1,"na","toxin-antitoxin system antidote Xre family regulator","na","na","Toxin-antitoxin","na","na","na","Xre","na","na","na","na","pAQ6",2,"na","na","cyt","7002_F0024","na "
"SYNPCC7002_F0032",0.473584097062972,1.45032618821153,-1.18188982875171,-0.363550183323589,-0.378470273199203,"7002_F0032","cyan10054",1,"na","hypothetical protein","na","na","na","na","na","na","na","na","na","na","na","pAQ6",2,"na","na","cyt","7002_F0032","na "
"SYNPCC7002_F0084",0.588428136752207,1.39602585314663,-0.392729990823194,-1.17258116212175,-0.419142836953901,"7002_F0084","cyan10090",2,"na","toxin-antitoxin system antidote, Mnt family","na","na","Toxin-antitoxin","na","na","na","na","na","na","na","na","pAQ6",2,"na","na","cyt","7002_F0084","na "
"SYNPCC7002_F0101",-0.763191413598081,1.49073166681203,-0.366722391590889,-0.885985959436589,0.525168097813535,"7002_F0101","cyan10102",2,"na","toxin-antitoxin system antidote with Xre family HTH domain","na","na","Toxin-antitoxin","na","na","na","na","na","na","na","na","pAQ6",2,"na","na","cyt","7002_F0101","na "
"SYNPCC7002_G0002",0.367768575795454,0.826955742286828,-0.837809810876018,-1.27738200376325,0.92046749655699,"7002_G0002","cyan3629",3,"na","plasmid partitioning protein, ParB","parB","na","Plasmid functions","na","na","na","na","na","na","na","na","pAQ7 pSYSG pP742502",2,"na","na","cyt","7002_G0002","slr8016 "
"SYNPCC7002_G0030",0.783684075319729,1.30315996009469,-0.836081112009477,-0.946611766433378,-0.304151156971565,"7002_G0030","cyan10126",1,"na","hypothetical protein","na","na","na","na","na","na","na","na","na","na","na","pAQ7",2,"na","na","cyt","7002_G0030","na "
"SYNPCC7002_G0032",0.496366464479232,1.51063051309459,-0.531921626867417,-0.96198312929233,-0.513092221414073,"7002_G0032","na",1,"na","ISSysp2 transposase TnpA_ISSysp2","tnpA_ISSysp2","na","Genome evolution - IS element","na","na","na","na","na","na","na","na","ISSysp2 in pAQ7",2,"Sec","na","IM 1 TM","7002_G0032","na "
"SYNPCC7002_G0033",0.254162351890815,1.57888611976156,-0.148822327259925,-0.87423146168745,-0.809994682705001,"7002_G0033","cyan0450a",4,"na","toxin-antitoxin system toxin, HepN family","na","na","Toxin-antitoxin","na","na","na","na","na","na","na","na","pAQ7",2,"na","na","cyt","7002_G0033","sll1505 "
"SYNPCC7002_G0034",0.425685018088042,1.54226914832736,-0.43784769434561,-0.962378637484239,-0.567727834585551,"7002_G0034","cyan0451a",4,"na","toxin-antitoxin system antidote, Mnt family","na","na","Toxin-antitoxin","na","na","na","na","na","na","na","na","pAQ7",2,"na","na","cyt","7002_G0034","sll1504 "
"SYNPCC7002_G0037",0.405872146915105,1.49440605350441,-0.146075019836055,-1.02212923731677,-0.732073943266692,"7002_G0037","cyan10128",1,"na","conserved hypothetical protein","na","na","na","na","na","na","na","na","na","na","na","pAQ7",2,"na","na","cyt","7002_G0037","na "
"SYNPCC7002_G0126",-0.435630099555562,1.77477060318084,-0.441614616127159,-0.271822425629918,-0.625703461868202,"7002_G0126","cyan8426",3,"na","conserved hypothetical protein","na","na","na","na","na","na","na","na","na","na","na","pAQ7",2,"na","na","extra","7002_G0126","na "
