"","LL_LO2","HL_HO2","HL_LO2","HL_VHO2","LL_HO2","Locus.tag","Ortholog.group","Genome.count.calc","Reference..PMID.","Curated.Product.Descriptor","Gene","Gene.Aliases","Functional.role","regulon","cofactor","substrate","Regulator.family","Merops.family","CAZY","TC.family","E.C.","evolution","Genome.count.calc.1","Loc.Sys","Loc.Cleave","protein.localization","X7002","X6803"
"SYNPCC7002_A0017",-0.809807950579199,0.0455688046662329,-0.370847245831288,1.69900161957091,-0.563915227826655,"7002_A0017","cyan4299",4,"na","conserved hypothetical protein","na","na","na","na","na","na","na","na","na","na","na","na",2,"na","na","cyt","7002_A0017","na "
"SYNPCC7002_A0107",-1.17499523463022,0.558759675566134,-0.890336569924414,1.18894351358141,0.317628615407095,"7002_A0107","cyan0508",7,"na","conserved hypothetical protein","na","na","Heat shock","HrcA","na","na","na","na","na","na","na","na",2,"na","na","cyt","7002_A0107","slr1770 "
"SYNPCC7002_A0242",-0.741556727274838,-0.31257593410594,-0.690763884606057,1.6949150453547,0.0499815006321315,"7002_A0242","cyan1495",11,"na","Mn-superoxide dismutase SodB","sodB","na","Oxidative stress","na","Mn","na","na","na","na","na","1.15.1.1","core",2,"na","na","cyt","7002_A0242","slr1516 "
"SYNPCC7002_A0244",-0.9471287743447,0.119183265858046,-0.395258561249426,1.6566855256948,-0.433481455958721,"7002_A0244","cyan10500",1,"na","pentapeptide repeat-containing protein","na","na","rfr","na","na","na","na","na","na","na","na","na",2,"na","na","extra","7002_A0244","na "
"SYNPCC7002_A0251",-0.690927629390323,0.135539202598376,-0.65805209460896,1.68722861948255,-0.473788098081646,"7002_A0251","cyan3882",5,"na","ferredoxin-like protein","na","na","na","na","2Fe-2S","na","na","na","na","na","na","na",2,"na","na","cyt","7002_A0251","na "
"SYNPCC7002_A0304",-0.655718242323975,0.128009379126994,-1.1373919907559,1.49349907021058,0.171601783742294,"7002_A0304","cyan4984",3,"na","apolipophorin family protein","na","na","na","na","na","na","na","na","na","na","na","na",2,"na","na","cyt","7002_A0304","na "
"SYNPCC7002_A0545",-1.0435636527317,0.182098952072975,-0.672001863067571,1.55745084185269,-0.0239842781263948,"7002_A0545","cyan0514",14,"18044966","monothiol glutaredoxin Grx4 family Ycf64","ycf64","na","Glutathione:Redox cycle","na","FeS","na","na","na","na","na","na","core",2,"na","na","cyt","7002_A0545","slr1846 "
"SYNPCC7002_A0653",-0.686322533187218,0.171112998207803,-0.703144856831177,1.67291478586195,-0.454560394051363,"7002_A0653","cyan10572",1,"na","conserved hypothetical protein","na","na","na","na","na","na","na","na","na","na","na","na",2,"na","na","cyt","7002_A0653","na "
"SYNPCC7002_A0792",-0.857419662300912,0.173175167577281,-0.792063435521249,1.60928393409742,-0.132976003852537,"7002_A0792","cyan3253",6,"na","thioredoxin reductase TrxB","trxB","na","pyrimidine conversions","na","FAD","na","na","na","na","na","1.8.1.9","na",2,"na","na","cyt","7002_A0792","slr0600 "
"SYNPCC7002_A0793",-0.82689514556803,0.238137272912117,-0.76321965068329,1.614900155383,-0.2629226320438,"7002_A0793","cyan1239",7,"19820102","thioredoxin-dependent peroxidase PrxII family","na","na","Oxidative stress","PerR","na","na","na","na","na","na","1.11.1.15","na",2,"na","na","cyt","7002_A0793","sll1621 "
"SYNPCC7002_A0831",-0.71303479008873,-0.120922717682607,-0.685988660689359,1.72206987363561,-0.202123705174913,"7002_A0831","cyan2773",14,"na","hydroxymethylpyrimidine phosphate synthase ThiC","thiC","na","Cofactor thiamin (B1) synth: HMP precursor","TPP ribosw","na","na","na","na","na","na","na","core",2,"na","na","cyt","7002_A0831","slr0118 "
"SYNPCC7002_A0855",-1.35567464883181,0.04732766342801,-0.181095845026258,1.45812545961893,0.031317370811126,"7002_A0855","cyan0756",14,"19542180","two component signal transduction system NblS histidine kinase activator SipA","sipA","na","Sensory transduction","na","na","na","na","na","na","na","2.7.13.3","core",2,"na","na","cyt-IM assoc","7002_A0855","ssl3451 "
"SYNPCC7002_A0960",-0.85246443035845,-0.281082808515092,-0.211979316380401,1.73204151390652,-0.386514958652582,"7002_A0960","cyan10628",2,"na","glutathione-dependent formaldehyde-activating enzyme, Gfa","gfa","na","na","na","na","na","na","na","na","na","na","na",2,"na","na","cyt","7002_A0960","na "
"SYNPCC7002_A1180",-0.62293848309918,-0.290887031863797,-0.462390425066233,1.77589065028199,-0.39967471025278,"7002_A1180","cyan2196",11,"na","protein of unknown function DUF1257","na","na","Stress response","na","na","na","na","na","na","na","na","core",2,"na","na","cyt","7002_A1180","slr0376 "
"SYNPCC7002_A1230",-0.65319742054402,-0.693479284512261,-0.224957007326177,1.73628981573645,-0.164656103353996,"7002_A1230","cyan6364",3,"na","hypothetical protein","na","na","na","na","na","na","na","na","na","na","na","na",2,"na","na","cyt","7002_A1230","na "
"SYNPCC7002_A1231",-1.26692891997356,0.262027570438056,-0.61519802418523,1.37369987303012,0.24639950069061,"7002_A1231","cyan10688",1,"na","hypothetical protein","na","na","na","na","na","na","na","na","na","na","na","na",2,"Sec","na","IM 2 TM","7002_A1231","na "
"SYNPCC7002_A1383",-0.965114760356407,-0.453211009236212,-0.0549285238784362,1.67867200530076,-0.205417711829706,"7002_A1383","cyan0642",14,"na","peroxiredoxin Prx","prx","na","Oxidative stress","na","na","na","na","na","na","na","na","core",2,"na","na","cyt","7002_A1383","sll1289 "
"SYNPCC7002_A1407",-1.60404917237061,0.282698871914159,-0.205559640225501,1.02720281513719,0.499707125544758,"7002_A1407","cyan4043",4,"na","inner membrane protein","na","na","na","na","na","na","na","na","na","na","na","na",2,"Sec","na","IM 8 TM","7002_A1407","na "
"SYNPCC7002_A1413",-0.670973125686138,0.0951369434929125,-0.616387411516086,1.70293428416139,-0.510710690452078,"7002_A1413","cyan3045",14,"16621810","iron-sulfur cluster assembly scaffold protein NifU","nifU","nfU","Prosthetic group FeS synth","na","na","na","na","na","na","na","na","core",2,"na","na","cyt","7002_A1413","ssl2667 "
"SYNPCC7002_A1440",0.0409796049580902,-1.34678992828282,-0.37491946997314,1.40227531346328,0.278454479834594,"7002_A1440","cyan1858",11,"na","phycocyanin alpha phycocyanobilin lyase related protein NblB","nblB","na","Phycobilisome","na","na","na","na","na","na","na","na","core",2,"na","na","cyt","7002_A1440","slr1687 "
"SYNPCC7002_A1478",-0.842880229008358,-0.437485598014661,-0.500554176695386,1.68474167653362,0.0961783271847864,"7002_A1478","cyan10731",1,"na","hypothetical protein","na","na","na","na","na","na","na","na","na","na","na","na",2,"na","na","cyt","7002_A1478","na "
"SYNPCC7002_A1680",-1.17225770311957,-0.0590896039983968,-0.664470279143222,1.3859369795084,0.509880606752795,"7002_A1680","DUF820",1,"na","putative endonuclease DUF820 family","na","na","Genome evolution?","na","na","na","na","na","na","na","na","na",2,"na","na","cyt","7002_A1680","na "
"SYNPCC7002_A1758",-0.807208299848708,-0.805800779403565,0.0165845773658293,1.64217291982829,-0.0457484179418492,"7002_A1758","cyan1267",6,"na","protein of unknown function DUF1232","na","na","na","na","na","na","na","na","na","na","na","na",2,"Sec","na","IM 2 TM","7002_A1758","sll0846 "
"SYNPCC7002_A1811",-0.911825132759436,0.655384645062231,-0.891977144075931,1.37545507648543,-0.227037444712297,"7002_A1811","cyan2661",14,"17827500","cysteine desulfurase SufS","sufS","na","Prosthetic group FeS synth (SUF)","SufR","na","na","na","na","na","na","2.8.1.7","core",2,"na","na","cyt","7002_A1811","slr0077 "
"SYNPCC7002_A1812",-0.883376824697932,0.511367569346201,-0.729435077499882,1.50452593375293,-0.403081600901318,"7002_A1812","cyan2660",14,"17827500","iron-sulfur cluster assembly protein SufD","sufD","na","Prosthetic group FeS synth (SUF)","SufR","na","na","na","na","na","na","na","core",2,"na","na","cyt","7002_A1812","slr0076 "
"SYNPCC7002_A1813",-0.930160408870343,0.237071905583598,-0.774148140844398,1.57114488774563,-0.103908243614488,"7002_A1813","cyan2659",14,"17827500","iron-sulfur cluster assembly ATPase SufC","sufC","na","Prosthetic group FeS synth (SUF)","SufR","ATP","na","na","na","na","na","na","core",2,"na","na","cyt","7002_A1813","slr0075 "
"SYNPCC7002_A1814",-0.634848588395999,-0.207912841140701,-0.694947769972025,1.74058304077697,-0.202873841268241,"7002_A1814","cyan2658",14,"17827500","iron-sulfur cluster assembly protein SufB","sufB","na","Prosthetic group FeS synth (SUF)","SufR","na","na","na","na","na","na","na","core",2,"na","na","cyt","7002_A1814","slr0074 "
"SYNPCC7002_A1815",-0.745303583303245,0.0114011678578822,-0.815548420994407,1.66322820601191,-0.113777369572139,"7002_A1815","cyan2657",11,"17827500","iron-sulfur cluster redox status-responsive transcriptional repressor of iron-sulfur cluster biogenesis SufR","sufR","na","Prosthetic group FeS synth","SufR","na","na","DeoR","na","na","na","na","core",2,"na","na","cyt","7002_A1815","sll0088 "
"SYNPCC7002_A1831",-0.643029021993549,-0.0762726608406392,-0.786646771709059,1.70899270009823,-0.20304424555498,"7002_A1831","cyan9654",3,"na","protein of unknown function DUF760","na","na","na","na","na","na","na","na","na","na","na","na",2,"na","na","cyt","7002_A1831","na "
"SYNPCC7002_A2120",-0.928037925818358,-0.0551256985182616,-0.561785885833768,1.67432532186323,-0.129375811692845,"7002_A2120","cyan1246a",14,"10383967","type II NADH dehydrogenase B NdbB","ndbB","na","Sensory transduction - redox sensor","SphR","FAD","na","na","na","na","na","1.6.99.3","core",2,"Sec","na","IM 1 TM","7002_A2120","slr1743 "
"SYNPCC7002_A2141",-0.768002495703758,-0.0365113638808036,-0.506574385621185,1.72623205224777,-0.415143807042022,"7002_A2141","na",1,"na","ISSysp3 transposase TnpA_ISSysp3","tnpA_ISSysp3","na","Genome evolution - IS element","na","na","na","na","na","na","na","na","mobile - ISSysp3",2,"na","na","cyt","7002_A2141","na "
"SYNPCC7002_A2366",-1.13645769396014,-0.443416153641709,-0.182095837989474,1.56157963554826,0.200390050043065,"7002_A2366","cyan4109",4,"na","thiopurine S-methyltransferase (tpmt)","na","na","na","na","na","na","na","na","na","na","na","na",2,"na","na","cyt","7002_A2366","na "
"SYNPCC7002_A2397",-1.33432243997356,0.106842300819804,-0.567700575735799,1.26809508460227,0.527085630287284,"7002_A2397","cyan0195",9,"na","beta-lactamase superfamily hydrolase","na","na","na","na","na","na","na","na","na","na","na","na",2,"na","na","cyt","7002_A2397","sll1036 "
"SYNPCC7002_A2429",-0.970567081779842,0.0929777614017867,-0.485265974322343,1.65229950621434,-0.289444211513936,"7002_A2429","cyan4014",6,"na","hypothetical protein","na","na","na","na","na","na","na","na","na","na","na","na",2,"na","na","cyt","7002_A2429","na "
"SYNPCC7002_A2484",-0.164523853183283,-0.385594885545495,-0.749289698352024,1.74938196468698,-0.449973527606177,"7002_A2484","cyan10964",1,"na","hypothetical protein","na","na","na","na","na","na","na","na","na","na","na","na",2,"na","na","cyt","7002_A2484","na "
"SYNPCC7002_A2651",-0.78040046158995,-0.0894782203618514,-0.622204490061654,1.71626688048098,-0.224183708467529,"7002_A2651","cyan10993",1,"na","hypothetical protein","na","na","na","na","na","na","na","na","na","na","na","na",2,"na","na","cyt","7002_A2651","na "
"SYNPCC7002_A2713",-0.816845968020546,-0.0282787618065721,-0.422384057080913,1.71778977618804,-0.450280989280008,"7002_A2713","cyan1708",9,"na","hypothetical protein","na","na","na","na","na","na","na","na","na","na","na","na",2,"na","na","cyt","7002_A2713","ssl2717 "
"SYNPCC7002_A2861",-0.940448578327888,-0.43058954599539,-0.311294368151508,1.68322432711409,-0.00089183463929966,"7002_A2861","cyan11055",1,"na","toxin-antitoxin system toxin PIN family","na","na","Toxin-antitoxin","na","na","na","na","na","na","na","na","na",2,"na","na","cyt","7002_A2861","na "
"SYNPCC7002_B0001",-0.533857427160611,-0.483719273932254,-0.535431033836396,1.77360190856233,-0.220594173633068,"7002_B0001","cyan2994b",1,"na","DNA primase","na","na","Plasmid partitioning","na","na","na","na","na","na","na","na","pAQ1",2,"na","na","cyt","7002_B0001","na "
"SYNPCC7002_B0002",-0.733473225150599,-0.128424119970434,-0.763759528033731,1.69055718799123,-0.0649003148364668,"7002_B0002","cyan9965",1,"na","hypothetical protein","na","na","na","na","na","na","na","na","na","na","na","pAQ1",2,"na","na","cyt","7002_B0002","na "
"SYNPCC7002_C0001",-0.800225859627972,-1.00312593198009,-0.179314519417693,1.41307975648289,0.569586554542863,"7002_C0001","cyan5846",2,"na","plasmid partitioning ATPase protein, ParA","parA","na","Plasmid functions","na","ATP","na","na","na","na","na","na","pAQ3 p880101",2,"na","na","cyt","7002_C0001","na "
"SYNPCC7002_C0003",-0.823467348146305,-0.208863902262347,-0.374947992942605,1.73985242922852,-0.332573185877268,"7002_C0003","cyan9968",1,"na","type I restriction-modification system, DNA-methyltransferase subunit M, HsdM","hsdM","na","Restriction-modification","na","na","na","na","na","na","na","2.1.1.72","pAQ3",2,"na","na","cyt","7002_C0003","na "
"SYNPCC7002_C0005",-0.929202308168888,-0.61525299806313,-0.301668029386327,1.61694837821542,0.229174957402924,"7002_C0005","cyan9970",2,"na","ATP-binding protein in restriction-modification system locus","na","na","Restriction-modification","na","ATP","na","na","na","na","na","na","pAQ3",2,"na","na","cyt","7002_C0005","na "
"SYNPCC7002_C0006",-0.919641151673002,-0.033825652432959,-0.603607811133634,1.66638101825071,-0.109306403011115,"7002_C0006","cyan5089",3,"na","type I restriction-modification system restriction subunit HsdR family","na","na","Restriction-modification","na","na","na","na","na","na","na","3.1.21.3","pAQ3",2,"na","na","cyt","7002_C0006","na "
"SYNPCC7002_C0009",-0.719479934479871,-0.0786555699759084,-0.835405159898942,1.66648575305561,-0.0329450887008883,"7002_C0009","cyan9499",3,"na"," type III restriction protein, res subunit","na","na","Restriction-modification","na","na","na","na","na","na","na","na","pAQ3 pCC7120gamma",2,"na","na","cyt","7002_C0009","na "
"SYNPCC7002_C0010",-0.834806303028539,-0.231279876739885,-0.401411707563287,1.73667009495558,-0.26917220762387,"7002_C0010","cyan9972",1,"na","conserved hypothetical protein","na","na","na","na","na","na","na","na","na","na","na","pAQ3",2,"na","na","cyt","7002_C0010","na "
"SYNPCC7002_C0013",-0.442347261497553,-0.876561057299365,-0.321491582540741,1.71103014135418,-0.0706302400165185,"7002_C0013","cyan7500",2,"na","toxin-antitoxin system antidote, Phd family","na","na","Toxin-antitoxin","na","na","na","na","na","na","na","na","pAQ3",2,"na","na","cyt","7002_C0013","na "
"SYNPCC7002_D0005",0.788730930836116,-0.359162296638962,-0.524099013749159,1.26582134171843,-1.17129096216642,"7002_D0005","cyan1178",11,"na","cobalt transporter NthT","nthT","na","Nitrogen assimilation - aliphatic nitriles","Cob ribosw","na","Co","na","na","na","2.A.99","na","core",2,"Sec","na","IM 6 TM","7002_D0005","slr2135 "
"SYNPCC7002_F0025",-1.09643573804921,-0.768748386166315,-0.182665768977545,1.21968400183228,0.828165891360792,"7002_F0025","cyan3749",6,"na","excision controlling factor protein, XisH","xisH","na","Genome evolution - mobile element","na","na","na","na","na","na","na","na","pAQ6",2,"na","na","cyt","7002_F0025","na "
