"","LL_LO2","LL_HO2","HL_LO2","HL_HO2","HL_VHO2","Locus.tag","Ortholog.group","Genome.count.calc","Reference..PMID.","Curated.Product.Descriptor","Gene","Gene.Aliases","Functional.role","regulon","cofactor","substrate","Regulator.family","Merops.family","CAZY","TC.family","E.C.","evolution","Genome.count.calc.1","Loc.Sys","Loc.Cleave","protein.localization","X7002","X6803"
"SYNPCC7002_A0189",1.32109207606502,-0.198514209495589,0.718495498724669,-0.966885821265109,-0.874187544028992,"7002_A0189","cyan1377",5,"na","hypothetical protein","na","na","na","na","na","na","na","na","na","na","na","na",2,"Sec","na","IM 1 TM","7002_A0189","slr1721 "
"SYNPCC7002_A0273",1.06311522632907,-1.29076988310989,0.949444599463521,-0.505400535722786,-0.216389406959915,"7002_A0273","cyan0842a",10,"na","magnesium transporter MgtE","mgtE","na","Transport","na","na","na","na","na","na","9.A.19","na","na",2,"Sec","na","IM 4 TM","7002_A0273","slr1216 "
"SYNPCC7002_A0512",1.63224572873084,-0.515550019597525,-0.00816497492878145,-1.03149445107521,-0.0770362831293195,"7002_A0512","cyan2364",14,"na","aspartate aminotransferase AspC","aspC","na","AA synth","na","na","na","na","na","na","na","2.6.1.1","core",2,"na","na","cyt","7002_A0512","sll0402 "
"SYNPCC7002_A0614",0.952864625906679,0.191953695896651,0.836508354332773,-1.43373717936008,-0.547589496776023,"7002_A0614","cyan1927",14,"na","DNA-directed RNA polymerase omega subunit RpoZ","rpoZ","na","RNA polymerase","na","na","na","na","na","na","na","2.7.7.6","core",2,"na","na","cyt","7002_A0614","ssl2982 "
"SYNPCC7002_A0898",1.13587844122495,-1.47355456631597,0.0363232751907234,0.646504498206204,-0.345151648305903,"7002_A0898","cyan1045",11,"na","cobalt precorrin-6Y C15-methyltransferase (decarboxylating) CbiT","cobL","cbiT","Cofactor B12 synth: aerobic?","na","na","na","na","na","na","na","2.1.1.-","core",2,"na","na","cyt","7002_A0898","slr1368 "
"SYNPCC7002_A1075",1.35076893704468,-1.37787089391671,0.0636755237782484,-0.387184935512595,0.350611368606372,"7002_A1075","cyan10647",3,"na","protein of unknown function DUF3038","na","na","na","na","na","na","na","na","na","na","na","na",2,"na","na","cyt","7002_A1075","na "
"SYNPCC7002_A1192",0.714901351917666,-1.70998901262742,0.493815101845856,0.563176828620195,-0.061904269756297,"7002_A1192","cyan2162",14,"na","bifunctional uroporphyrin-III synthase / uroporphyrin-III methyltransferase CysGHemD","cysG hemD","na","Prosthetic group heme synth","na","na","na","na","na","na","na","4.2.1.75 2.1.1.107","core",2,"na","na","cyt","7002_A1192","sll0166 "
"SYNPCC7002_A1480",0.994899559950334,-0.373482232786329,0.621422965733757,0.3038347882143,-1.54667508111206,"7002_A1480","cyan10733",1,"na","protein of unknown function DUF1176","na","na","na","na","na","na","na","na","na","na","na","na",2,"Sec","na","IM 1 TM","7002_A1480","na "
"SYNPCC7002_A1728",0.838031888720853,0.0890631454180287,0.906003422932713,-1.54456321348768,-0.288535243583916,"7002_A1728","cyan1417",14,"na","GTP-binding and nucleic acid-binding protein YchF","ychF","yyaF engD","Universal GTPases","na","na","na","na","na","na","na","na","core",2,"na","na","cyt","7002_A1728","sll0245 "
"SYNPCC7002_A1802",0.416329097749311,-0.203884609518486,1.51092364439884,-0.954452673298866,-0.768915459330803,"7002_A1802","cyan0204a",14,"na","carboxysome major structural protein CcmK1","ccmK1","na","CO2 fixation: microcompartment","na","na","na","na","na","na","na","na","core",2,"na","na","CS","7002_A1802","sll1029 "
"SYNPCC7002_A1803",0.724410775560256,-0.0543821466371392,1.26403517334507,-1.01277736705032,-0.921286435217865,"7002_A1803","cyan0204b",11,"na","carboxysome major structural protein CcmK2","ccmK2","na","CO2 fixation: microcompartment","na","na","na","na","na","na","na","na","core",2,"na","na","CS","7002_A1803","sll1028 "
"SYNPCC7002_A1839",0.829762163560561,-1.28720758127914,0.409570321624397,0.885824296365069,-0.837949200270888,"7002_A1839","cyan7977",2,"na","hypothetical protein","na","na","na","na","na","na","na","na","na","na","na","na",2,"Sec","na","IM 1 TM","7002_A1839","na "
"SYNPCC7002_A1861",0.690256144058352,-1.72750480678259,0.229824313143094,0.120439035336117,0.68698531424503,"7002_A1861","cyan4996",7,"na","cyclic nucleotide-binding protein","na","na","Sensory transduction","na","na","na","na","na","na","na","na","na",2,"na","na","cyt","7002_A1861","na "
"SYNPCC7002_A1915",1.28974388060606,-0.0910525455904422,0.620759199556808,-0.530431154051942,-1.28901938052049,"7002_A1915","cyan0591",14,"na","tRNA-i(6)A37 thiotransferase enzyme MiaB","miaB","na","tRNA processing","na","na","na","na","na","na","na","na","core",2,"na","na","cyt","7002_A1915","sll0996 "
"SYNPCC7002_A1989",0.666628445520173,-0.705165875682293,1.44063011377218,-0.70156208055297,-0.70053060305709,"7002_A1989","cyan8663a",8,"na","syn-2 delta 9 acyl-lipid fatty acid desaturase DesF","desF","na","Fatty Acid Biosynthesis","na","na","na","na","na","na","na","1.14.19.1","na",2,"Sec","na","IM 4 TM","7002_A1989","na "
"SYNPCC7002_A1990",0.656102149766345,-0.701681487170755,1.44731977909937,-0.700432202604698,-0.701308239090266,"7002_A1990","cyan1693",8,"20194361","oxygen-independent coproporphyrinogen III oxidase HemN","hemN","na","Prosthetic group heme synth","na","FeS","na","na","na","na","na","1.3.99.22","na",2,"na","na","cyt","7002_A1990","sll1876 "
"SYNPCC7002_A1991",0.597064909327909,-0.692104210918584,1.48345326704831,-0.690672154386688,-0.697741811070948,"7002_A1991","cyan0297b",8,"na","heme oxygenase 2 Hox2","hox2","ho2","Prosthetic group bilin synth","na","na","na","na","na","na","na","1.14.99.3","na",2,"na","na","cyt","7002_A1991","sll1875 "
"SYNPCC7002_A1992",0.601456329464492,-0.692150736860648,1.48083972752561,-0.690637738796331,-0.699507581333127,"7002_A1992","cyan1695a",9,"19540827","low oxygen-dependent Mg protoporphyrin IX monomethyl ester oxidative cyclase AcsF2","acsF2","chlAII","Chlorophyll Biosynthesis","na","na","na","na","na","na","na","1.14.13.81","na",2,"na","na","cyt","7002_A1992","sll1874 "
"SYNPCC7002_A1997",1.25625104604651,-0.691803966725956,0.826000913043493,-1.07881900582501,-0.311628986539036,"7002_A1997","cyan1640",6,"na","carboxysomal beta carbonic anhydrase, IcfA","icfA","na","CO2 uptake, carboxysome","na","Zn","na","na","na","na","na","4.2.1.1","na",2,"na","na","CL","7002_A1997","slr1347 "
"SYNPCC7002_A2075",1.17492287248718,-1.31026349673141,0.425469749377732,-0.728011322819664,0.43788219768616,"7002_A2075","cyan1141",14,"na","ATP-dependent Clp protease adaptor protein ClpS","clpS","na","Proteolysis","na","ATP","na","na","na","na","na","na","core",2,"na","na","cyt","7002_A2075","ssl3379 "
"SYNPCC7002_A2147",1.467060211722,-1.27678974474841,-0.432850705275178,0.140783243875248,0.101796994426339,"7002_A2147","cyan0859",14,"na","chorismate synthase AroC","aroC","na","Chorismate synthesis from D-erythrose 4-phosphate","na","na","na","na","na","na","na","4.2.3.5","core",2,"na","na","cyt","7002_A2147","sll1747 "
"SYNPCC7002_A2195",0.806445264396461,-1.65039384941493,0.453748344716807,0.609726761387814,-0.219526521086158,"7002_A2195","cyan3006",14,"na","FMN-dependent dihydroorotate dehydrogenase PyrD","pyrD","na","De Novo Pyrimidine Synthesis","na","FMN","na","na","na","na","na","1.3.98.1","core",2,"na","na","cyt","7002_A2195","slr1418 "
"SYNPCC7002_A2269",0.9542977843094,-0.909541529064984,1.12134559830593,-0.986000817271146,-0.180101036279204,"7002_A2269","cyan2372",6,"na","hypothetical protein","na","na","na","na","na","na","na","na","na","na","na","na",2,"na","na","cyt","7002_A2269","sll0071 "
"SYNPCC7002_A2416",1.47881324506711,-1.22018356950564,0.298534670556364,-0.478487699628218,-0.0786766464896253,"7002_A2416","cyan0090",14,"na","4-diphosphocytidyl-2-C-methyl-D-erythritol kinase IspE","ispE","na","Isoprenoid biosynthesis","na","na","na","na","na","na","na","2.7.1.148","core",2,"na","na","cyt","7002_A2416","sll0711 "
"SYNPCC7002_A2486",0.763040781615739,-1.49003784888819,0.657525778048203,-0.582841352879193,0.652312642103437,"7002_A2486","cyan10191",1,"na","toxin-antitoxin system antidote CopG family","na","na","Toxin-antitoxin","na","na","na","na","na","na","na","na","pCC7120epsilon",2,"na","na","cyt","7002_A2486","na "
"SYNPCC7002_A2516",1.47781670569224,-0.195226396512911,0.473488387928159,-0.801075104383648,-0.95500359272384,"7002_A2516","cyan0798",14,"na","acetylglutamate kinase ArgB","argB","na","Arg/Pro metabolism","na","na","na","na","na","na","na","2.7.2.8","core",2,"na","na","cyt","7002_A2516","slr1898 "
"SYNPCC7002_A2572",1.30558679629522,-0.152843158673149,0.71398628808782,-0.833451603291404,-1.03327832241849,"7002_A2572","cyan2760",3,"na","hypothetical protein","na","na","na","na","na","na","na","na","na","na","na","na",2,"na","na","cyt","7002_A2572","slr0108 "
"SYNPCC7002_A2575",1.31112399799845,-1.31351414305232,-0.489674889812518,-0.0660483702323093,0.558113405098694,"7002_A2575","cyan10972",1,"na","two component signal transduction system, histidine kinase with GAF domain","na","na","Sensory transduction","na","na","na","na","na","na","na","2.7.13.3","na",2,"na","na","cyt-IM assoc","7002_A2575","na "
"SYNPCC7002_A2734",-0.1364717957201,0.0445006654970904,1.40242157927132,-1.41482007180524,0.10436962275693,"7002_A2734","cyan6942",4,"na","hypothetical protein","na","na","na","na","na","na","na","na","na","na","na","na",2,"Sec","na","IM 4 TM","7002_A2734","na "
"SYNPCC7002_G0062",0.88731425558387,-1.23693229226571,1.02463812770214,-0.787489246033051,0.11246915501275,"7002_G0062","cyan1393",5,"notes in cyanobase","potassium-responsive two component signal transduction system response regulator luxR family Rre19","rre19","na","Potassium homeostasis","Fur","na","na","LuxR","na","na","na","na","pAQ7",2,"na","na","cyt","7002_G0062","sll1592 "
