"","LL_LO2","LL_HO2","HL_LO2","HL_HO2","HL_VHO2","Locus.tag","Ortholog.group","Genome.count.calc","Reference..PMID.","Curated.Product.Descriptor","Gene","Gene.Aliases","Functional.role","regulon","cofactor","substrate","Regulator.family","Merops.family","CAZY","TC.family","E.C.","evolution","Genome.count.calc.1","Loc.Sys","Loc.Cleave","protein.localization","X7002","X6803"
"SYNPCC7002_A0003",-1.03691722963004,-0.460536321718737,-0.0114014353834282,-0.132775210938841,1.64163019767105,"7002_A0003","cyan3878",7,"na","conserved hypothetical protein","na","na","na","na","na","na","na","na","na","na","na","na",2,"na","na","cyt","7002_A0003","na "
"SYNPCC7002_A0016",-1.23587332149315,-0.341985789712007,-0.27989904169271,0.403671164290891,1.45408698860697,"7002_A0016","cyan3779",10,"na","glyoxalase superfamily protein","na","na","na","na","na","na","na","na","na","na","na","check",2,"na","na","cyt","7002_A0016","na "
"SYNPCC7002_A0017",-0.809807950579199,-0.563915227826655,-0.370847245831288,0.0455688046662329,1.69900161957091,"7002_A0017","cyan4299",4,"na","conserved hypothetical protein","na","na","na","na","na","na","na","na","na","na","na","na",2,"na","na","cyt","7002_A0017","na "
"SYNPCC7002_A0078",-1.06446639081258,-0.460712107131091,-0.184952793235724,0.094088114741337,1.61604317643805,"7002_A0078","cyan0616",7,"na","conserved hypothetical protein","na","na","na","na","na","na","na","na","na","na","na","na",2,"na","na","cyt","7002_A0078","sll0982 "
"SYNPCC7002_A0107",-1.17499523463022,0.317628615407095,-0.890336569924414,0.558759675566134,1.18894351358141,"7002_A0107","cyan0508",7,"na","conserved hypothetical protein","na","na","Heat shock","HrcA","na","na","na","na","na","na","na","na",2,"na","na","cyt","7002_A0107","slr1770 "
"SYNPCC7002_A0184",-1.13935762235445,-0.503233148901293,-0.414878098882029,0.745973322550951,1.31149554758682,"7002_A0184","cyan2077",4,"na","hypothetical protein","na","na","na","na","na","na","na","na","na","na","na","na",2,"Sec","na","IM 1 TM","7002_A0184","sll1862 "
"SYNPCC7002_A0186",-0.848411272549629,-0.771298036052138,-0.297089728992179,0.341967823529911,1.57483121406404,"7002_A0186","cyan10492",7,"na","high light inducible protein","na","na","na","na","na","na","na","na","na","na","na","na",2,"Sec","na","IM 1 TM","7002_A0186","ssl1633 "
"SYNPCC7002_A0242",-0.741556727274838,0.0499815006321315,-0.690763884606057,-0.31257593410594,1.6949150453547,"7002_A0242","cyan1495",11,"na","Mn-superoxide dismutase SodB","sodB","na","Oxidative stress","na","Mn","na","na","na","na","na","1.15.1.1","core",2,"na","na","cyt","7002_A0242","slr1516 "
"SYNPCC7002_A0244",-0.9471287743447,-0.433481455958721,-0.395258561249426,0.119183265858046,1.6566855256948,"7002_A0244","cyan10500",1,"na","pentapeptide repeat-containing protein","na","na","rfr","na","na","na","na","na","na","na","na","na",2,"na","na","extra","7002_A0244","na "
"SYNPCC7002_A0251",-0.690927629390323,-0.473788098081646,-0.65805209460896,0.135539202598376,1.68722861948255,"7002_A0251","cyan3882",5,"na","ferredoxin-like protein","na","na","na","na","2Fe-2S","na","na","na","na","na","na","na",2,"na","na","cyt","7002_A0251","na "
"SYNPCC7002_A0264",-0.841741153835569,1.30993358856223,-0.847090571008975,-0.437528399222952,0.816426535505265,"7002_A0264","cyan4274",10,"na","S-adenosyl-l-methionine hydroxide adenosyltransferase","na","na","na","NtcA","2Fe-2S","na","na","na","na","na","na","na",2,"na","na","cyt","7002_A0264","na "
"SYNPCC7002_A0281",0.123508693715595,1.08346502120482,-1.47968557623083,-0.404103996743224,0.676815858053644,"7002_A0281","cyan2931",12,"na","queuosine biosynthesis ATPase QueC","queC","na","tRNA modification: queuosine synth","na","na","na","na","na","na","na","na","na",2,"na","na","cyt","7002_A0281","slr0527 "
"SYNPCC7002_A0295",-1.37761916529267,-0.311418531659429,0.0468833017967902,0.248953801444401,1.39320059371091,"7002_A0295","cyan10505",1,"na","two component signal transduction system, hybrid response regulator","na","na","Sensory transduction","na","na","na","na","na","na","na","2.7.13.3","na",2,"na","na","cyt-IM assoc","7002_A0295","na "
"SYNPCC7002_A0304",-0.655718242323975,0.171601783742294,-1.1373919907559,0.128009379126994,1.49349907021058,"7002_A0304","cyan4984",3,"na","apolipophorin family protein","na","na","na","na","na","na","na","na","na","na","na","na",2,"na","na","cyt","7002_A0304","na "
"SYNPCC7002_A0320",-0.898610251486668,-0.893392737594827,-0.173449214762832,0.517557734857192,1.44789446898714,"7002_A0320","cyan0821",11,"19820102","thioredoxin-dependent peroxidase 1-Cys family","na","na","Oxidative stress","na","na","na","na","na","na","na","na","core",2,"na","na","cyt","7002_A0320","slr1198 "
"SYNPCC7002_A0382",-0.796849721988746,-0.966383950190559,0.0368837092462471,0.17774443206225,1.54860553087081,"7002_A0382","cyan3239",5,"na","ribonucleoside-diphosphate reductase, beta subunit, NrdB","nrdB","na","na","na","na","na","na","na","na","na","1.17.4.1","na",2,"na","na","cyt","7002_A0382","slr0591 "
"SYNPCC7002_A0473",-0.789897404333534,-0.731065550225976,-0.465375737484059,0.422091428787004,1.56424726325656,"7002_A0473","cyan10540",1,"na","hypothetical protein","na","na","junk?","na","na","na","na","na","na","na","na","na",2,"na","na","cyt","7002_A0473","na "
"SYNPCC7002_A0545",-1.0435636527317,-0.0239842781263948,-0.672001863067571,0.182098952072975,1.55745084185269,"7002_A0545","cyan0514",14,"18044966","monothiol glutaredoxin Grx4 family Ycf64","ycf64","na","Glutathione:Redox cycle","na","FeS","na","na","na","na","na","na","core",2,"na","na","cyt","7002_A0545","slr1846 "
"SYNPCC7002_A0603",-0.957071458443234,-0.829490648943124,0.0782603478067689,0.171989845348857,1.53631191423073,"7002_A0603","cyan0814",3,"na","homoserine kinase type II","na","na","AA synth - Met","na","na","na","na","na","na","na","2.7.1.39","na",2,"na","na","cyt","7002_A0603","sll1119 "
"SYNPCC7002_A0630",-1.37378719707296,-0.0680455307167115,-0.192318457891373,0.210500327588627,1.42365085809242,"7002_A0630","cyan2980",14,"na","Holliday junction resolvase RuvC","ruvC","na","DNA replication","na","na","na","na","na","na","na","3.1.22.4","core",2,"na","na","cyt","7002_A0630","sll0896 "
"SYNPCC7002_A0653",-0.686322533187218,-0.454560394051363,-0.703144856831177,0.171112998207803,1.67291478586195,"7002_A0653","cyan10572",1,"na","conserved hypothetical protein","na","na","na","na","na","na","na","na","na","na","na","na",2,"na","na","cyt","7002_A0653","na "
"SYNPCC7002_A0791",-1.00839840690568,1.52872223577195,-0.719500039405634,-0.133462415733129,0.332638626272495,"7002_A0791","cyan1323",14,"18325343","GntR family transcriptional regulator controlling phycobilisome degradation","na","na","Phycobilisome turnover","na","na","na","GntR","na","na","na","na","core",2,"na","na","cyt","7002_A0791","sll1961 "
"SYNPCC7002_A0792",-0.857419662300912,-0.132976003852537,-0.792063435521249,0.173175167577281,1.60928393409742,"7002_A0792","cyan3253",6,"na","thioredoxin reductase TrxB","trxB","na","pyrimidine conversions","na","FAD","na","na","na","na","na","1.8.1.9","na",2,"na","na","cyt","7002_A0792","slr0600 "
"SYNPCC7002_A0793",-0.82689514556803,-0.2629226320438,-0.76321965068329,0.238137272912117,1.614900155383,"7002_A0793","cyan1239",7,"19820102","thioredoxin-dependent peroxidase PrxII family","na","na","Oxidative stress","PerR","na","na","na","na","na","na","1.11.1.15","na",2,"na","na","cyt","7002_A0793","sll1621 "
"SYNPCC7002_A0802",-1.20669854667611,-0.703444057777389,0.218745102246071,0.311478337775089,1.37991916443234,"7002_A0802","cyan2878",14,"na","protein of unknown function DUF1257 Ycf35","ycf35","na","na","na","na","na","na","na","na","na","na","core",2,"na","na","cyt","7002_A0802","sll0661 "
"SYNPCC7002_A0831",-0.71303479008873,-0.202123705174913,-0.685988660689359,-0.120922717682607,1.72206987363561,"7002_A0831","cyan2773",14,"na","hydroxymethylpyrimidine phosphate synthase ThiC","thiC","na","Cofactor thiamin (B1) synth: HMP precursor","TPP ribosw","na","na","na","na","na","na","na","core",2,"na","na","cyt","7002_A0831","slr0118 "
"SYNPCC7002_A0855",-1.35567464883181,0.031317370811126,-0.181095845026258,0.04732766342801,1.45812545961893,"7002_A0855","cyan0756",14,"19542180","two component signal transduction system NblS histidine kinase activator SipA","sipA","na","Sensory transduction","na","na","na","na","na","na","na","2.7.13.3","core",2,"na","na","cyt-IM assoc","7002_A0855","ssl3451 "
"SYNPCC7002_A0858",-1.06734056486955,-0.805386975675317,0.127551348128037,0.29248180409551,1.45269438832132,"7002_A0858","cyan0647c",14,"na","high light inducible protein Hli5","hli5","na","Photosystem I assembly","na","na","na","na","na","na","na","na","core",2,"Sec","na","TM 1 TM","7002_A0858","ssr1789 "
"SYNPCC7002_A0936",-1.37233580460199,-0.3806461055251,-0.0579349212493319,0.500034784424192,1.31088204695223,"7002_A0936","cyan10624",1,"na","putative outer membrane protein","na","na","na","na","na","na","na","na","na","na","na","na",2,"Sec Bam","LepB","OM","7002_A0936","na "
"SYNPCC7002_A0960",-0.85246443035845,-0.386514958652582,-0.211979316380401,-0.281082808515092,1.73204151390652,"7002_A0960","cyan10628",2,"na","glutathione-dependent formaldehyde-activating enzyme, Gfa","gfa","na","na","na","na","na","na","na","na","na","na","na",2,"na","na","cyt","7002_A0960","na "
"SYNPCC7002_A0970",-1.14814490421155,-0.615716407941241,-0.0746311675666136,0.368310910732842,1.47018156898656,"7002_A0970","cyan1346a",2,"na","glutathione peroxidase","na","na","na","na","na","na","na","na","na","na","na","na",2,"na","na","cyt","7002_A0970","slr1992 "
"SYNPCC7002_A1180",-0.62293848309918,-0.39967471025278,-0.462390425066233,-0.290887031863797,1.77589065028199,"7002_A1180","cyan2196",11,"na","protein of unknown function DUF1257","na","na","Stress response","na","na","na","na","na","na","na","na","core",2,"na","na","cyt","7002_A1180","slr0376 "
"SYNPCC7002_A1181",-1.23626549901787,-0.715422664968242,0.312117485542688,0.310715257209107,1.32885542123431,"7002_A1181","cyan2195",11,"12384281","ATPase AAA family Ycf46 family","na","na","Stress response","na","ATP","na","na","na","na","na","3.6.3.-","core",2,"na","na","cyt","7002_A1181","slr0374 "
"SYNPCC7002_A1202",-0.803964084778903,-0.724923457894487,-0.575524185432715,0.676290127573009,1.4281216005331,"7002_A1202","cyan1173b",12,"9421905","group 2 RNA polymerase sigma-70 subunit SigB","sigB","na","RNA polymerase - sigma factors","na","na","na","na","na","na","na","na","na",2,"na","na","cyt","7002_A1202","sll0306 "
"SYNPCC7002_A1230",-0.65319742054402,-0.164656103353996,-0.224957007326177,-0.693479284512261,1.73628981573645,"7002_A1230","cyan6364",3,"na","hypothetical protein","na","na","na","na","na","na","na","na","na","na","na","na",2,"na","na","cyt","7002_A1230","na "
"SYNPCC7002_A1231",-1.26692891997356,0.24639950069061,-0.61519802418523,0.262027570438056,1.37369987303012,"7002_A1231","cyan10688",1,"na","hypothetical protein","na","na","na","na","na","na","na","na","na","na","na","na",2,"Sec","na","IM 2 TM","7002_A1231","na "
"SYNPCC7002_A1261",-0.969970323594759,-0.609226169653048,-0.395833964533113,0.448560748671492,1.52646970910943,"7002_A1261","cyan10693",1,"na","two component signal transduction system, hybrid histidine kinase with PAS sensory domain","na","na","Sensory transduction","na","na","na","na","na","na","na","2.7.13.3","na",2,"Sec","na","IM 2 TM","7002_A1261","na "
"SYNPCC7002_A1383",-0.965114760356407,-0.205417711829706,-0.0549285238784362,-0.453211009236212,1.67867200530076,"7002_A1383","cyan0642",14,"na","peroxiredoxin Prx","prx","na","Oxidative stress","na","na","na","na","na","na","na","na","core",2,"na","na","cyt","7002_A1383","sll1289 "
"SYNPCC7002_A1407",-1.60404917237061,0.499707125544758,-0.205559640225501,0.282698871914159,1.02720281513719,"7002_A1407","cyan4043",4,"na","inner membrane protein","na","na","na","na","na","na","na","na","na","na","na","na",2,"Sec","na","IM 8 TM","7002_A1407","na "
"SYNPCC7002_A1413",-0.670973125686138,-0.510710690452078,-0.616387411516086,0.0951369434929125,1.70293428416139,"7002_A1413","cyan3045",14,"16621810","iron-sulfur cluster assembly scaffold protein NifU","nifU","nfU","Prosthetic group FeS synth","na","na","na","na","na","na","na","na","core",2,"na","na","cyt","7002_A1413","ssl2667 "
"SYNPCC7002_A1440",0.0409796049580902,0.278454479834594,-0.37491946997314,-1.34678992828282,1.40227531346328,"7002_A1440","cyan1858",11,"na","phycocyanin alpha phycocyanobilin lyase related protein NblB","nblB","na","Phycobilisome","na","na","na","na","na","na","na","na","core",2,"na","na","cyt","7002_A1440","slr1687 "
"SYNPCC7002_A1469",-0.874774598446611,-0.774168862022244,-0.371111852247805,0.531803736582482,1.48825157613418,"7002_A1469","cyan3104",6,"na","fasciclin-like repeat-containing protein","na","na","na","na","na","na","na","na","na","na","na","na",2,"na","na","extra","7002_A1469","sll1483 "
"SYNPCC7002_A1478",-0.842880229008358,0.0961783271847864,-0.500554176695386,-0.437485598014661,1.68474167653362,"7002_A1478","cyan10731",1,"na","hypothetical protein","na","na","na","na","na","na","na","na","na","na","na","na",2,"na","na","cyt","7002_A1478","na "
"SYNPCC7002_A1483",-1.04307953395651,-0.783790778697245,-0.161086665063861,0.609451692145791,1.37850528557183,"7002_A1483","cyan10736",1,"na","lipid ABC export system, MFP subunit","na","na","Transport|export","na","na","na","na","na","na","3.A.1.122","na","na",2,"Sec","na","IM 1 TM","7002_A1483","na "
"SYNPCC7002_A1528",-1.00909019904055,-0.607548337408354,0.460399679488431,-0.352528189006358,1.50876704596683,"7002_A1528","cyan10750",1,"na","haloacid dehalogenase-like hydrolase","na","na","na","na","na","na","na","na","na","na","na","na",2,"na","na","cyt","7002_A1528","na "
"SYNPCC7002_A1582",-0.977455952433396,-0.820100460128756,-0.106842559858829,0.429116299387929,1.47528267303305,"7002_A1582","cyan6965",2,"na","outer membrane protein","na","na","na","na","na","na","na","na","na","na","na","na",2,"Sec Bam","LepB","OM","7002_A1582","na "
"SYNPCC7002_A1671",-0.989656527554178,-0.57505224109618,-0.242768280670841,0.197526163727869,1.60995088559333,"7002_A1671","cyan4357b",7,"22961855","intramembrane metalloprotease M50 family","na","na","Proteolysis","na","na","na","na","M50","na","na","na","na",2,"Sec","na","IM 6 TM","7002_A1671","sll0528 "
"SYNPCC7002_A1680",-1.17225770311957,0.509880606752795,-0.664470279143222,-0.0590896039983968,1.3859369795084,"7002_A1680","DUF820",1,"na","putative endonuclease DUF820 family","na","na","Genome evolution?","na","na","na","na","na","na","na","na","na",2,"na","na","cyt","7002_A1680","na "
"SYNPCC7002_A1693",-0.94833466788848,-0.482600076248878,-0.490233904662281,0.335290491774037,1.5858781570256,"7002_A1693","cyan4799",5,"na","hypothetical protein","na","na","na","na","na","na","na","na","na","na","na","na",2,"na","na","cyt","7002_A1693","na "
"SYNPCC7002_A1731",-1.11401851826576,-0.721497784583631,0.065084967866323,0.30774095860173,1.46269037638134,"7002_A1731","cyan10784",1,"na","hypothetical protein","na","na","na","na","na","na","na","na","na","na","na","na",2,"Sec","na","IM 2 TM","7002_A1731","na "
"SYNPCC7002_A1758",-0.807208299848708,-0.0457484179418492,0.0165845773658293,-0.805800779403565,1.64217291982829,"7002_A1758","cyan1267",6,"na","protein of unknown function DUF1232","na","na","na","na","na","na","na","na","na","na","na","na",2,"Sec","na","IM 2 TM","7002_A1758","sll0846 "
"SYNPCC7002_A1811",-0.911825132759436,-0.227037444712297,-0.891977144075931,0.655384645062231,1.37545507648543,"7002_A1811","cyan2661",14,"17827500","cysteine desulfurase SufS","sufS","na","Prosthetic group FeS synth (SUF)","SufR","na","na","na","na","na","na","2.8.1.7","core",2,"na","na","cyt","7002_A1811","slr0077 "
"SYNPCC7002_A1812",-0.883376824697932,-0.403081600901318,-0.729435077499882,0.511367569346201,1.50452593375293,"7002_A1812","cyan2660",14,"17827500","iron-sulfur cluster assembly protein SufD","sufD","na","Prosthetic group FeS synth (SUF)","SufR","na","na","na","na","na","na","na","core",2,"na","na","cyt","7002_A1812","slr0076 "
"SYNPCC7002_A1813",-0.930160408870343,-0.103908243614488,-0.774148140844398,0.237071905583598,1.57114488774563,"7002_A1813","cyan2659",14,"17827500","iron-sulfur cluster assembly ATPase SufC","sufC","na","Prosthetic group FeS synth (SUF)","SufR","ATP","na","na","na","na","na","na","core",2,"na","na","cyt","7002_A1813","slr0075 "
"SYNPCC7002_A1814",-0.634848588395999,-0.202873841268241,-0.694947769972025,-0.207912841140701,1.74058304077697,"7002_A1814","cyan2658",14,"17827500","iron-sulfur cluster assembly protein SufB","sufB","na","Prosthetic group FeS synth (SUF)","SufR","na","na","na","na","na","na","na","core",2,"na","na","cyt","7002_A1814","slr0074 "
"SYNPCC7002_A1815",-0.745303583303245,-0.113777369572139,-0.815548420994407,0.0114011678578822,1.66322820601191,"7002_A1815","cyan2657",11,"17827500","iron-sulfur cluster redox status-responsive transcriptional repressor of iron-sulfur cluster biogenesis SufR","sufR","na","Prosthetic group FeS synth","SufR","na","na","DeoR","na","na","na","na","core",2,"na","na","cyt","7002_A1815","sll0088 "
"SYNPCC7002_A1831",-0.643029021993549,-0.20304424555498,-0.786646771709059,-0.0762726608406392,1.70899270009823,"7002_A1831","cyan9654",3,"na","protein of unknown function DUF760","na","na","na","na","na","na","na","na","na","na","na","na",2,"na","na","cyt","7002_A1831","na "
"SYNPCC7002_A1882",-1.54449302090162,1.19140436926087,-0.0698987274666322,-0.0129522323838559,0.435939611491234,"7002_A1882","cyan10829",1,"na","bacteriophage repressor Xre family","na","na","bacteriophage functions","na","na","na","Xre","na","na","na","na","na",2,"na","na","cyt","7002_A1882","na "
"SYNPCC7002_A1949",-1.38402070773072,-0.184794660761091,-0.241883910106155,0.485520001707184,1.32517927689078,"7002_A1949","cyan0283",10,"na","2-octaprenyl-6-methoxyphenyl hydroxylase UbiH","ubiH","na","Plastoquinone-9 biosynthesis?","na","FAD","na","na","na","na","na","1.14.13.-","core",2,"na","na","cyt","7002_A1949","slr1300 "
"SYNPCC7002_A2120",-0.928037925818358,-0.129375811692845,-0.561785885833768,-0.0551256985182616,1.67432532186323,"7002_A2120","cyan1246a",14,"10383967","type II NADH dehydrogenase B NdbB","ndbB","na","Sensory transduction - redox sensor","SphR","FAD","na","na","na","na","na","1.6.99.3","core",2,"Sec","na","IM 1 TM","7002_A2120","slr1743 "
"SYNPCC7002_A2141",-0.768002495703758,-0.415143807042022,-0.506574385621185,-0.0365113638808036,1.72623205224777,"7002_A2141","na",1,"na","ISSysp3 transposase TnpA_ISSysp3","tnpA_ISSysp3","na","Genome evolution - IS element","na","na","na","na","na","na","na","na","mobile - ISSysp3",2,"na","na","cyt","7002_A2141","na "
"SYNPCC7002_A2152",-1.15792270337908,-0.857696474992459,0.46096333343992,0.276026028933217,1.2786298159984,"7002_A2152","cyan1857",14,"21368150","ferredoxin (2Fe-2S)","na","na","Photosystem II (redox regulation hydrogenase? Assembly?)","na","2Fe-2S","na","na","na","na","na","na","core",2,"na","na","cyt","7002_A2152","ssl3044 "
"SYNPCC7002_A2164",-1.0154899005664,-0.531394810541478,-0.163785791378882,0.0819087040908876,1.62876179839588,"7002_A2164","cyan0008g",11,"na","photosystem II protein D1 PsbA","psbA","psbA1","Photosystem II","na","na","na","na","na","na","3.E.2.2","na","core",2,"Sec","na","TM 7 TM","7002_A2164","slr1181 "
"SYNPCC7002_A2186",-0.866674028521152,-0.848485228157781,-0.000496745832894459,0.130775410430772,1.58488059208106,"7002_A2186","cyan2662",11,"na","arsenite-activated anion-transporting ATPase ArsA","arsA","na","Detoxification: Arsenate","na","ATP","na","na","na","na","3.A.4","3.6.3.16","core",2,"na","na","cyt-IM assoc","7002_A2186","sll0086 "
"SYNPCC7002_A2366",-1.13645769396014,0.200390050043065,-0.182095837989474,-0.443416153641709,1.56157963554826,"7002_A2366","cyan4109",4,"na","thiopurine S-methyltransferase (tpmt)","na","na","na","na","na","na","na","na","na","na","na","na",2,"na","na","cyt","7002_A2366","na "
"SYNPCC7002_A2368",-1.15876040202926,-0.563637616420749,-0.0625793210954125,0.283145275096755,1.50183206444867,"7002_A2368","cyan2341",11,"19820102","thioredoxin M TrxQ","trxQ","na","na","na","na","na","na","na","na","na","na","core",2,"na","na","cyt","7002_A2368","slr0233 "
"SYNPCC7002_A2387",-0.809489689857282,-0.646214324119289,-0.343539739957589,0.128105547472965,1.67113820646119,"7002_A2387","cyan1874",9,"na","hypothetical protein","na","na","na","na","na","na","na","na","na","na","na","na",2,"na","na","cyt","7002_A2387","ssl1762 "
"SYNPCC7002_A2397",-1.33432243997356,0.527085630287284,-0.567700575735799,0.106842300819804,1.26809508460227,"7002_A2397","cyan0195",9,"na","beta-lactamase superfamily hydrolase","na","na","na","na","na","na","na","na","na","na","na","na",2,"na","na","cyt","7002_A2397","sll1036 "
"SYNPCC7002_A2429",-0.970567081779842,-0.289444211513936,-0.485265974322343,0.0929777614017867,1.65229950621434,"7002_A2429","cyan4014",6,"na","hypothetical protein","na","na","na","na","na","na","na","na","na","na","na","na",2,"na","na","cyt","7002_A2429","na "
"SYNPCC7002_A2484",-0.164523853183283,-0.449973527606177,-0.749289698352024,-0.385594885545495,1.74938196468698,"7002_A2484","cyan10964",1,"na","hypothetical protein","na","na","na","na","na","na","na","na","na","na","na","na",2,"na","na","cyt","7002_A2484","na "
"SYNPCC7002_A2570",-1.04212290091262,-0.741420675313323,0.0140997269525721,0.252815811576532,1.51662803769684,"7002_A2570","cyan2917",12,"15775978","light-dependent circadian clock protein complex redox sensing component LdpA","ldpA","na","Sensory transduction: Circadian Clock","na","4Fe-4S","na","na","na","na","na","na","core",2,"na","na","cyt","7002_A2570","sll0031 "
"SYNPCC7002_A2579",0.732618510971058,0.259037028425298,-1.50877876799486,-0.44359518719063,0.960718415789129,"7002_A2579","cyan10974",1,"na","hypothetical protein","na","na","na","na","na","na","na","na","na","na","na","na",2,"Sec Bam","LepB","OM","7002_A2579","na "
"SYNPCC7002_A2586",-1.18798424774693,-0.456504220510538,-0.267287047637326,0.465269705721858,1.44650581017293,"7002_A2586","cyan1875",8,"na","membrane-bound serine protease, NfeD family","na","na","na","na","na","na","na","na","na","na","na","na",2,"Sec","na","IM 3 TM","7002_A2586","slr0935 "
"SYNPCC7002_A2651",-0.78040046158995,-0.224183708467529,-0.622204490061654,-0.0894782203618514,1.71626688048098,"7002_A2651","cyan10993",1,"na","hypothetical protein","na","na","na","na","na","na","na","na","na","na","na","na",2,"na","na","cyt","7002_A2651","na "
"SYNPCC7002_A2713",-0.816845968020546,-0.450280989280008,-0.422384057080913,-0.0282787618065721,1.71778977618804,"7002_A2713","cyan1708",9,"na","hypothetical protein","na","na","na","na","na","na","na","na","na","na","na","na",2,"na","na","cyt","7002_A2713","ssl2717 "
"SYNPCC7002_A2760",-1.0682117601867,-0.825908720702704,0.571544180309888,-0.0371141818199937,1.3596904823995,"7002_A2760","cyan11027",3,"na","anti-ECFsigma factor, ChrR","chrR","na","Regulation:signal relay","na","na","na","na","na","na","na","na","na",2,"na","na","cyt","7002_A2760","na "
"SYNPCC7002_A2861",-0.940448578327888,-0.00089183463929966,-0.311294368151508,-0.43058954599539,1.68322432711409,"7002_A2861","cyan11055",1,"na","toxin-antitoxin system toxin PIN family","na","na","Toxin-antitoxin","na","na","na","na","na","na","na","na","na",2,"na","na","cyt","7002_A2861","na "
"SYNPCC7002_A2866",-0.603367100235507,-0.876751663456062,-0.483415356605668,0.387700087832988,1.57583403246425,"7002_A2866","cyan4402",9,"na","hydroxyacylglutathione hydrolase","na","na","Pyruvate metabolism","na","na","na","na","na","na","na","3.1.2.6","na",2,"na","na","cyt","7002_A2866","slr1259 "
"SYNPCC7002_A2867",-0.935425390205562,-0.77528672875095,0.485798121583862,-0.264384737936451,1.4892987353091,"7002_A2867","cyan11057",1,"na","protein of unknown function DUF2892 with N-terminal rhodanase domain","na","na","na","na","na","na","na","na","na","na","na","na",2,"Sec","na","IM 2 TM","7002_A2867","na "
"SYNPCC7002_A2869",-1.06419342014631,-0.489459451858301,0.00204031453929225,-0.0680440878544624,1.61965664531978,"7002_A2869","cyan6613a",5,"na","two component signal transduction system, response regulator with diguanylate cyclase/phosphodiesterase activity","na","na","Sensory transduction","na","na","na","na","na","na","na","na","na",2,"na","na","cyt-IM assoc","7002_A2869","na "
"SYNPCC7002_B0001",-0.533857427160611,-0.220594173633068,-0.535431033836396,-0.483719273932254,1.77360190856233,"7002_B0001","cyan2994b",1,"na","DNA primase","na","na","Plasmid partitioning","na","na","na","na","na","na","na","na","pAQ1",2,"na","na","cyt","7002_B0001","na "
"SYNPCC7002_B0002",-0.733473225150599,-0.0649003148364668,-0.763759528033731,-0.128424119970434,1.69055718799123,"7002_B0002","cyan9965",1,"na","hypothetical protein","na","na","na","na","na","na","na","na","na","na","na","pAQ1",2,"na","na","cyt","7002_B0002","na "
"SYNPCC7002_C0001",-0.800225859627972,0.569586554542863,-0.179314519417693,-1.00312593198009,1.41307975648289,"7002_C0001","cyan5846",2,"na","plasmid partitioning ATPase protein, ParA","parA","na","Plasmid functions","na","ATP","na","na","na","na","na","na","pAQ3 p880101",2,"na","na","cyt","7002_C0001","na "
"SYNPCC7002_C0003",-0.823467348146305,-0.332573185877268,-0.374947992942605,-0.208863902262347,1.73985242922852,"7002_C0003","cyan9968",1,"na","type I restriction-modification system, DNA-methyltransferase subunit M, HsdM","hsdM","na","Restriction-modification","na","na","na","na","na","na","na","2.1.1.72","pAQ3",2,"na","na","cyt","7002_C0003","na "
"SYNPCC7002_C0005",-0.929202308168888,0.229174957402924,-0.301668029386327,-0.61525299806313,1.61694837821542,"7002_C0005","cyan9970",2,"na","ATP-binding protein in restriction-modification system locus","na","na","Restriction-modification","na","ATP","na","na","na","na","na","na","pAQ3",2,"na","na","cyt","7002_C0005","na "
"SYNPCC7002_C0006",-0.919641151673002,-0.109306403011115,-0.603607811133634,-0.033825652432959,1.66638101825071,"7002_C0006","cyan5089",3,"na","type I restriction-modification system restriction subunit HsdR family","na","na","Restriction-modification","na","na","na","na","na","na","na","3.1.21.3","pAQ3",2,"na","na","cyt","7002_C0006","na "
"SYNPCC7002_C0009",-0.719479934479871,-0.0329450887008883,-0.835405159898942,-0.0786555699759084,1.66648575305561,"7002_C0009","cyan9499",3,"na"," type III restriction protein, res subunit","na","na","Restriction-modification","na","na","na","na","na","na","na","na","pAQ3 pCC7120gamma",2,"na","na","cyt","7002_C0009","na "
"SYNPCC7002_C0010",-0.834806303028539,-0.26917220762387,-0.401411707563287,-0.231279876739885,1.73667009495558,"7002_C0010","cyan9972",1,"na","conserved hypothetical protein","na","na","na","na","na","na","na","na","na","na","na","pAQ3",2,"na","na","cyt","7002_C0010","na "
"SYNPCC7002_C0012",-0.776969066967725,-0.765748273759431,-0.539724856832585,0.62267422205154,1.4597679755082,"7002_C0012","cyan7499",2,"na","toxin-antitoxin system toxin PIN family","na","na","Toxin-antitoxin","na","na","na","na","na","na","na","na","pAQ3",2,"na","na","cyt","7002_C0012","na "
"SYNPCC7002_C0013",-0.442347261497553,-0.0706302400165185,-0.321491582540741,-0.876561057299365,1.71103014135418,"7002_C0013","cyan7500",2,"na","toxin-antitoxin system antidote, Phd family","na","na","Toxin-antitoxin","na","na","na","na","na","na","na","na","pAQ3",2,"na","na","cyt","7002_C0013","na "
"SYNPCC7002_F0025",-1.09643573804921,0.828165891360792,-0.182665768977545,-0.768748386166315,1.21968400183228,"7002_F0025","cyan3749",6,"na","excision controlling factor protein, XisH","xisH","na","Genome evolution - mobile element","na","na","na","na","na","na","na","na","pAQ6",2,"na","na","cyt","7002_F0025","na "
"SYNPCC7002_F0101",-0.763191413598081,1.49073166681203,-0.366722391590889,-0.885985959436589,0.525168097813535,"7002_F0101","cyan10102",2,"na","toxin-antitoxin system antidote with Xre family HTH domain","na","na","Toxin-antitoxin","na","na","na","na","na","na","na","na","pAQ6",2,"na","na","cyt","7002_F0101","na "
"SYNPCC7002_G0009",-0.875006639681364,-0.816875623925698,-0.378323264649678,0.660220356991174,1.40998517126557,"7002_G0009","cyan1193",11,"na","protein of unknown function DUF427","na","na","na","na","na","na","na","na","na","na","na","core",2,"na","na","cyt","7002_G0009","ssl3291 "
