"","LL_LO2","HL_HO2","HL_LO2","HL_VHO2","LL_HO2","Locus.tag","Ortholog.group","Genome.count.calc","Reference..PMID.","Curated.Product.Descriptor","Gene","Gene.Aliases","Functional.role","regulon","cofactor","substrate","Regulator.family","Merops.family","CAZY","TC.family","E.C.","evolution","Genome.count.calc.1","Loc.Sys","Loc.Cleave","protein.localization","X7002","X6803"
"SYNPCC7002_A0100",-0.82919765445893,1.11745061619311,-0.587616705261924,-0.765094781971098,1.06445852549885,NA,NA,NA,NA,NA,NA,NA,NA,NA,NA,NA,NA,NA,NA,NA,NA,NA,NA,NA,NA,NA,NA,NA
"SYNPCC7002_A0137",-0.731595642214393,1.59189760755359,-0.936894298537548,-0.119700200405749,0.196292533604097,NA,NA,NA,NA,NA,NA,NA,NA,NA,NA,NA,NA,NA,NA,NA,NA,NA,NA,NA,NA,NA,NA,NA
"SYNPCC7002_A0471",-0.9720790901055,1.64215499073723,0.0318970737729619,-0.115414017181018,-0.586558957223676,"7002_A0471","cyan10539",1,"na","hypothetical protein","na","na","junk???","na","na","na","na","na","na","na","na","na",2,"na","na","cyt","7002_A0471","na "
"SYNPCC7002_A0484",-0.818772556125705,1.49595596598912,-0.612043286989361,-0.630486713740743,0.565346590866686,NA,NA,NA,NA,NA,NA,NA,NA,NA,NA,NA,NA,NA,NA,NA,NA,NA,NA,NA,NA,NA,NA,NA
"SYNPCC7002_A0625",-0.558036075294114,1.72909861262319,-0.582060776922706,-0.59991653270166,0.0109147722952919,NA,NA,NA,NA,NA,NA,NA,NA,NA,NA,NA,NA,NA,NA,NA,NA,NA,NA,NA,NA,NA,NA,NA
"SYNPCC7002_A0852",-0.595638134193994,1.76862873712881,-0.564801392170609,-0.222792905974312,-0.385396304789896,"7002_A0852","cyan7878",2,"21712441","class II cyanobacteriochrome","na","na","Sensory transduction - light","na","na","na","na","na","na","na","na","na",2,"na","na","cyt","7002_A0852","na "
"SYNPCC7002_A0935",-0.625480202556856,1.70920832826642,-0.183341037440249,-0.0977598507798523,-0.802627237489465,"7002_A0935","cyan10623",1,"na","hypothetical protein","na","na","na","na","na","na","na","na","na","na","na","na",2,"Sec","LepB","peri","7002_A0935","na "
"SYNPCC7002_A0949",-0.675051168439328,1.55005191095846,-0.604078005729554,-0.743752084936537,0.472829348146955,NA,NA,NA,NA,NA,NA,NA,NA,NA,NA,NA,NA,NA,NA,NA,NA,NA,NA,NA,NA,NA,NA,NA
"SYNPCC7002_A1291",-0.398553019921961,1.78772042858954,-0.427074750176782,-0.479152191551647,-0.482940466939151,"7002_A1291","cyan1414",9,"na","iron-stress flavodoxin IsiB","isiB","na","Photosystem I","PerR","na","na","na","na","na","na","na","na",2,"na","na","cyt-TM assoc","7002_A1291","sll0248 "
"SYNPCC7002_A1292",-0.382938967343245,1.78756723788191,-0.454172562169335,-0.47686711132319,-0.473588597046143,"7002_A1292","cyan1415",10,"na","iron starvation-induced chlorophyll a(b) binding protein IsiA","isiA","na","Photosystem I","PerR","na","na","na","na","na","3.E.2.2","na","na",2,"Sec","na","TM 7 TM","7002_A1292","sll0247 "
"SYNPCC7002_A1723",-0.970840599981629,1.35025276238811,0.7623136016248,-0.544451523265916,-0.597274240765363,"7002_A1723","cyan6774",3,"na","ABC-type efflux pump membrane fusion component","na","na","Transport|export:unknown A, part 1","na","na","na","na","na","na","na","na","fdxN-element",2,"Sec","na","IM 1 TM","7002_A1723","na "
"SYNPCC7002_A2076",-0.616952160497585,1.55004633802196,-0.562315606921474,-0.830288178789976,0.459509608187076,NA,NA,NA,NA,NA,NA,NA,NA,NA,NA,NA,NA,NA,NA,NA,NA,NA,NA,NA,NA,NA,NA,NA
"SYNPCC7002_A2084",-0.804240759668106,1.58709069532232,-0.814126806237458,-0.276806728250743,0.30808359883399,NA,NA,NA,NA,NA,NA,NA,NA,NA,NA,NA,NA,NA,NA,NA,NA,NA,NA,NA,NA,NA,NA,NA
"SYNPCC7002_A2089",-0.883350558801785,1.62331449182818,-0.614152374480805,-0.378694029270273,0.25288247072468,NA,NA,NA,NA,NA,NA,NA,NA,NA,NA,NA,NA,NA,NA,NA,NA,NA,NA,NA,NA,NA,NA,NA
"SYNPCC7002_A2112",-0.961432851704024,1.59371813266369,-0.0930600200674541,-0.706457727108614,0.167232466216406,NA,NA,NA,NA,NA,NA,NA,NA,NA,NA,NA,NA,NA,NA,NA,NA,NA,NA,NA,NA,NA,NA,NA
"SYNPCC7002_A2137",-0.641416502037815,1.69682909199133,-0.649462020371418,-0.523254112618077,0.117303543035979,NA,NA,NA,NA,NA,NA,NA,NA,NA,NA,NA,NA,NA,NA,NA,NA,NA,NA,NA,NA,NA,NA,NA
"SYNPCC7002_A2293",-0.269807958295566,1.75873172395523,-0.695175266062687,-0.530626629108675,-0.263121870488306,NA,NA,NA,NA,NA,NA,NA,NA,NA,NA,NA,NA,NA,NA,NA,NA,NA,NA,NA,NA,NA,NA,NA
"SYNPCC7002_A2296",-1.09244522803467,1.58883190186534,-0.154969405712848,-0.48684010921421,0.145422841096395,"7002_A2296","cyan10922",1,"na","hypothetical protein","na","na","na","na","na","na","na","na","na","na","na","na",2,"na","na","cyt","7002_A2296","na "
"SYNPCC7002_A2319",-1.26757992705064,1.42715708760737,0.428014353271208,-0.275968871840342,-0.311622641987593,"7002_A2319","cyan5746",3,"na","type 3 multicopper oxidase","na","na","na","na","Cu","na","na","na","na","na","na","na",2,"Sec","LepB","peri","7002_A2319","na "
"SYNPCC7002_A2396",0.428978869121449,1.20920958733911,-1.4970935492518,-0.29698323048493,0.155888323276166,"7002_A2396","cyan2092",14,"na","1-acyl-sn-glycerol-3-phosphate acyltransferase PlsC","plsC","na","Glycerolipid and Glycerophospholipid Metabolism","na","na","na","na","na","na","na","2.3.1.51","core",2,"na","na","cyt","7002_A2396","sll1848 "
"SYNPCC7002_A2436",-0.777621259596465,1.69408830068921,0.0483542742238357,-0.31271713242641,-0.652104182890167,"7002_A2436","cyan0911",5,"na","GCN5-related N-acetyltransferase","na","na","na","na","na","na","na","M06","na","na","na","pCC7120alpha",2,"na","na","cyt","7002_A2436","sll1469 "
"SYNPCC7002_A2657",-0.225832937908824,1.74186766053443,-0.273999700448109,-0.435956435580709,-0.80607858659679,"7002_A2657","cyan10996",1,"na","hypothetical protein","na","na","na","na","na","na","na","na","na","na","na","na",2,"na","na","cyt","7002_A2657","na "
"SYNPCC7002_A2660",0.113672201668186,1.66559239842954,-0.83373316231212,-0.660854470553021,-0.284676967232588,"7002_A2660","cyan4351",5,"na","multicopper oxidase","na","na","Copper homeostasis","na","Cu","na","na","na","na","na","na","na",2,"Sec","LepB","peri","7002_A2660","na "
"SYNPCC7002_A2667",-0.795449929084226,1.71744199569557,-0.595706651959286,-0.232261809769781,-0.0940236048822727,NA,NA,NA,NA,NA,NA,NA,NA,NA,NA,NA,NA,NA,NA,NA,NA,NA,NA,NA,NA,NA,NA,NA
"SYNPCC7002_A2740",-0.70640871908011,1.71057378452674,-0.672673090654326,-0.349446147618123,0.0179541728258141,NA,NA,NA,NA,NA,NA,NA,NA,NA,NA,NA,NA,NA,NA,NA,NA,NA,NA,NA,NA,NA,NA,NA
"SYNPCC7002_A2774",-0.144379377798529,0.946837539815766,0.719178440225025,-1.59978989329096,0.0781532910486959,"7002_A2774","cyan0220",11,"na","alanine dehydrogenase Ald","ald","na","Pyruvate Alanine Serine Interconversions","na","na","na","na","na","na","na","1.4.1.1","core",2,"na","na","cyt","7002_A2774","sll1682 "
"SYNPCC7002_F0007",-1.01813125498479,1.64675196062008,0.0400319007737339,-0.219291480849142,-0.449361125559885,"7002_F0007","cyan10036",1,"na","ATP-dependent nuclease, subunit B, AddB","addB","na","DNA repair","na","ATP","na","na","na","na","na","na","pAQ6",2,"na","na","cyt","7002_F0007","na "
"SYNPCC7002_F0021",-0.604851978707435,1.78099187192284,-0.376762674654872,-0.419309442705522,-0.380067775855011,"7002_F0021","cyan4736",4,"na","protein of unknown function DUF559","na","na","na","na","na","na","na","na","na","na","na","pAQ6",2,"na","na","cyt","7002_F0021","na "
"SYNPCC7002_G0018",-0.298164932321835,1.71694435017281,-0.758179576625282,-0.621991046650134,-0.0386087945755553,"7002_G0018","cyan10122",1,"na","synechobactin synthase SybL","sybL","na","Iron homeostasis - siderophore","na","na","na","na","S09","na","na","3.1.1.-","pAQ7",2,"na","na","cyt","7002_G0018","na "
"SYNPCC7002_G0019",-0.481878025065225,1.75181070995004,-0.738394968736722,-0.344697635347954,-0.186840080800138,"7002_G0019","cyan6130",2,"na","synechobactin core synthase type C group SybF","sybF","na","Iron homeostasis - siderophore","na","na","na","na","na","na","na","na","pAQ7",2,"na","na","cyt","7002_G0019","na "
"SYNPCC7002_G0020",-0.451876094393024,1.77345791666659,-0.47278340585851,-0.607294654322513,-0.241503762092538,"7002_G0020","cyan6131",2,"na","synechobactin transporter SybT","sybT","na","Iron homeostasis - siderophore","na","na","na","na","na","na","2.A.1","na","pAQ7",2,"Sec","na","IM 12 TM","7002_G0020","na "
"SYNPCC7002_G0021",-0.347841557152027,1.7267453206415,-0.722179234728814,-0.611355593232165,-0.0453689355284946,"7002_G0021","cyan6132",2,"na","1,3-diaminopropane monooxygenase, SybE","sybE","na","Iron homeostasis - siderophore","na","NADPH O2","na","na","na","na","na","na","pAQ7",2,"na","na","cyt","7002_G0021","na "
"SYNPCC7002_G0022",-0.593236659342291,1.77262553932832,-0.557056307661591,-0.342055751517099,-0.280276820807343,"7002_G0022","cyan6133",2,"na","N4-hydroxy-1-aminopropane O-acetyltransferase SybD","sybD","na","Iron homeostasis - siderophore","na","na","na","na","na","na","na","na","pAQ7",2,"na","na","cyt","7002_G0022","na "
"SYNPCC7002_G0023",-0.443405369318652,1.78799735407211,-0.498550926795979,-0.425405671166186,-0.420635386791289,"7002_G0023","cyan6134",2,"na","synechobactin core synthase type A group SybC","sybC","na","Iron homeostasis - siderophore","na","na","na","na","na","na","na","na","pAQ7",2,"na","na","cyt","7002_G0023","na "
"SYNPCC7002_G0024",-0.765897316455348,1.74145776445589,-0.130572607931244,-0.36472401269391,-0.480263827375392,"7002_G0024","cyan6135",2,"na","L-2,4-diaminobutyrate decarboxylase, SybB","sybB","na","Iron homeostasis - siderophore","na","na","na","na","na","na","na","4.1.1.86","pAQ7",2,"na","na","cyt","7002_G0024","na "
"SYNPCC7002_G0079",-0.438362540643287,1.78760390394938,-0.389231862545357,-0.480035973130575,-0.479973527630164,"7002_G0079","cyan7807",4,"na","ABC-type iron chelate uptake system permease component","na","na","Iron homeostasis - siderophore","Fur","ATP","na","na","na","na","3.A.1","na","pAQ7",2,"Sec","na","IM 8 TM","7002_G0079","na "
"SYNPCC7002_G0080",-0.365548997296365,1.78578958751185,-0.477800169454002,-0.421523608700815,-0.520916812060669,"7002_G0080","cyan7808",4,"na","ABC-type iron chelate uptake system ATPase component","na","na","Iron homeostasis - siderophore","Fur","ATP","na","na","na","na","3.A.1","na","pAQ7",2,"na","na","cyt-IM assoc","7002_G0080","na "
"SYNPCC7002_G0081",-0.441007313795405,1.78876402473123,-0.449600195402799,-0.462361971532772,-0.435794544000254,"7002_G0081","cyan7157",4,"na","TonB-dependent iron chelate receptor","na","na","Iron homeostasis - siderophore","na","na","na","na","na","na","1.B.14","na","pAQ7",2,"Sec Bam","LepB","OM","7002_G0081","na "
"SYNPCC7002_G0083",-0.433309429470456,1.78647525421932,-0.368906320909532,-0.480428355892662,-0.503831147946673,"7002_G0083","cyan8179",4,"na","ABC-type iron chelate uptake system substrate-binding component","na","na","Iron homeostasis - siderophore","na","na","FeIII-hydroxamate","na","na","na","na","na","pAQ7",2,"Sec","LspA","LP -IM","7002_G0083","na "
"SYNPCC7002_G0089",0.0620502901496869,1.71157507921274,-0.617272640481852,-0.485820584361191,-0.670532144519382,"7002_G0089","cyan0028",3,"na","periplasmic salt-induced MORN repeat-containing protein","na","na","Iron homeostasis - siderophore","Fur","na","na","na","na","na","na","na","pAQ7",2,"Sec","LepB","peri","7002_G0089","slr1485 "
"SYNPCC7002_G0104",0.0821500041597153,1.68112085494304,-0.842764330624591,-0.331477885316002,-0.589028643162162,"7002_G0104","cyan0030",4,"na","transcriptional regulator PchR","pchR","na","Iron homeostasis - siderophore","Fur","na","na","AraC","na","na","na","na","pAQ7",2,"na","na","cyt","7002_G0104","slr1489 "
"SYNPCC7002_G0117",-0.816419275974489,1.57130199958844,0.371868726791912,-0.34960151435773,-0.77714993604813,"7002_G0117","cyan1427",2,"na","conserved hypothetical membrane protein","na","na","na","na","na","na","na","na","na","na","na","pAQ7",2,"Sec","na","IM 5 TM","7002_G0117","sll0242 "
"SYNPCC7002_G0138",0.0106596062480649,1.72877488816188,-0.590489668009715,-0.539056288529688,-0.609888537870548,"7002_G0138","cyan0016",3,"na","TonB-dependent hydroxamate siderophore receptor, SchT","schT","na","Iron homeostasis - siderophore","Fur","na","schizokinen, synechobactin","na","na","na","1.B.14","na","pAQ7",2,"Sec Bam","LepB","OM","7002_G0138","sll1206 "
"SYNPCC7002_G0139",-0.0210021143219864,1.73643802499011,-0.524440826791153,-0.589620857178795,-0.601374226698172,"7002_G0139","cyan0015",2,"na","ABC-type iron(III) dicitrate uptake system substrate-binding component FecB","fecB","na","Iron homeostasis - siderophore","Fur","na","FeIII-dicitrate","na","na","na","na","na","pAQ7",2,"Sec","LspA","LP -IM","7002_G0139","slr1319 "
