"","LL_LO2","HL_HO2","HL_LO2","HL_VHO2","LL_HO2","Locus.tag","Ortholog.group","Genome.count.calc","Reference..PMID.","Curated.Product.Descriptor","Gene","Gene.Aliases","Functional.role","regulon","cofactor","substrate","Regulator.family","Merops.family","CAZY","TC.family","E.C.","evolution","Genome.count.calc.1","Loc.Sys","Loc.Cleave","protein.localization","X7002","X6803"
"SYNPCC7002_A0004",-0.986678086684922,1.09537106868651,0.303643214201759,0.701967025175649,-1.114303221379,"7002_A0004","cyan6943b",1,"na","conserved hypothetical with alkylhydroperoxidase AhpD family core domain","na","na","na","na","na","na","na","na","na","na","na","na",2,"na","na","cyt","7002_A0004","na "
"SYNPCC7002_A0132",-1.2691241108082,1.52752813866088,-0.116865623765306,0.0563284828893635,-0.197866886976739,"7002_A0132","cyan2114",7,"na","conserved hypothetical protein","na","na","na","na","na","na","na","na","na","na","na","na",2,"Sec","na","IM 2 TM","7002_A0132","ssl1807 "
"SYNPCC7002_A0175",-1.08650948088049,0.83688461408244,0.340077587497573,0.95461804699814,-1.04507076769766,"7002_A0175","cyan0876",11,"na","NDH-1 complex sensory subunit CupS","cupS","na","CO2 fixation: Respiratory Complex I","Crp CcmR","na","na","na","na","na","na","na","core",2,"na","na","CS","7002_A0175","sll1735 "
"SYNPCC7002_A0205",-0.825424755175303,1.27470623013133,-0.189947276959725,0.7714685509621,-1.0308027489584,"7002_A0205","cyan1654",6,"na","[NiFe] hydrogenase metallocenter assembly protein, HypC","hypC","na","maturatation:hydrogenase","na","na","na","na","na","na","na","na","na",2,"na","na","cyt","7002_A0205","ssl3580 "
"SYNPCC7002_A0220",-1.12126496138616,1.5567797686643,-0.389031424462322,0.265527971634307,-0.312011354450131,"7002_A0220","cyan2223",11,"na","DNA repair protein RadC","radC","na","DNA repair","na","na","na","na","na","na","na","na","core",2,"na","na","cyt","7002_A0220","sll0766 "
"SYNPCC7002_A0250",-0.940959141752236,1.33296557054247,0.266214038930603,0.395562683639001,-1.05378315135983,"7002_A0250","cyan2784",11,"na","phosphoenolpyruvate synthase PpsA","ppsA","na","Pyruvate metabolism I: anaplerotic reactions, PEP","na","na","na","na","na","na","na","2.7.9.2","core",2,"na","na","cyt","7002_A0250","slr0301 "
"SYNPCC7002_A0470",-1.06482328473151,1.03337462750878,0.340466563918729,0.749544346252929,-1.05856225294894,"7002_A0470","cyan1488",7,"na","high-affinity low-flux HCO3-: Na+ symporter SbtA","sbtA","na","CO2 fixation - transport","CcmR","na","na","na","na","na","2.A.83.1","na","na",2,"Sec","na","IM 10 TM","7002_A0470","slr1512 "
"SYNPCC7002_A0568",-0.858177641654238,1.2118092001149,-0.815229709852989,0.946310672866421,-0.484712521474093,"7002_A0568","cyan10557",1,"na","hypothetical protein","na","na","na","na","na","na","na","na","na","na","na","na",2,"Sec","LepB","peri","7002_A0568","na "
"SYNPCC7002_A0639",-1.15296000033419,1.17596517067535,0.472686345928843,0.438267109296187,-0.933958625566187,"7002_A0639","cyan10566",1,"na","phycobilisome rod-core linker protein cpcG","cpcG","na","Phycobilisome - phycocyanin/phycoerythrocyanin","na","na","na","na","na","na","na","na","na",2,"na","na","cyt-TM assoc","7002_A0639","na "
"SYNPCC7002_A0640",-0.860422281610207,1.26342908618825,-0.0983666173815537,0.744156796298967,-1.04879698349546,"7002_A0640","cyan5687",5,"na","WD-40-like beta propeller repeat-containing protein","na","na","na","na","na","na","na","S09","na","na","na","na",2,"Sec","LspA","LP -IM","7002_A0640","na "
"SYNPCC7002_A0957",-1.12448250880897,1.03885527168549,-0.74306728115106,1.03111404052534,-0.202419522250788,"7002_A0957","cyan2233",14,"na","photosystem II reaction center protein PsbT","psbT","na","Photosystem II","na","na","na","na","na","na","na","na","core",2,"Sec","na","TM 1 TM","7002_A0957","smr0001 "
"SYNPCC7002_A1102",-1.45610507878702,1.10591099774242,-0.494011982817833,0.589925983735157,0.254280080127275,NA,NA,NA,NA,NA,NA,NA,NA,NA,NA,NA,NA,NA,NA,NA,NA,NA,NA,NA,NA,NA,NA,NA
"SYNPCC7002_A1311",-1.20001729652528,1.43708510455112,-0.450222516292171,0.473542687177694,-0.260387978911361,"7002_A1311","cyan2881",6,"na","cytochrome b6-f complex subunit VII, PetM","petM","na","Cytochrome B6-F complex","na","na","na","na","na","na","na","na","na",2,"Sec","na","TM 1 TM","7002_A1311","smr0003 "
"SYNPCC7002_A1409",-1.33128739843959,1.00824660910395,-0.491560617547212,0.971965679872221,-0.157364272989369,"7002_A1409","DUF820",1,"na","putative endonuclease DUF820 family","na","na","Genome evolution?","na","na","na","na","na","na","na","na","na",2,"na","na","cyt","7002_A1409","na "
"SYNPCC7002_A1460",-1.0142669439357,0.846827132265732,0.175625477352373,1.05024785300027,-1.05843351868268,"7002_A1460","cyan8217",4,"na","transaldolase, TalA","talA","na","Pentose phosphate pathway | Cofactor biosynth:Folate","na","na","na","na","na","na","na","2.2.1.2","na",2,"na","na","cyt","7002_A1460","na "
"SYNPCC7002_A1462",-1.37631809671874,1.21851344956676,0.230450706831577,0.4952911237513,-0.567937183430895,"7002_A1462","cyan2340",7,"na","DedA family protein","na","na","na","na","na","na","na","na","na","na","na","na",2,"Sec","na","IM 5 TM","7002_A1462","slr0232 "
"SYNPCC7002_A1722",-0.964519488359256,1.59407284671106,0.0265710629745651,0.0673352263768578,-0.723459647703226,"7002_A1722","cyan6763",3,"na","ABC-type efflux pump ATPase component","na","na","Transport|export:unknown A, part 2","na","ATP","na","na","na","na","3.A.1","na","fdxN-element",2,"na","na","cyt-IM assoc","7002_A1722","na "
"SYNPCC7002_A1732",-1.13017209273417,0.819008606164157,0.456615605949835,0.884577437828231,-1.03002955720805,"7002_A1732","cyan2289",3,"na","tRNA threonylcarbamoyladenosine biosynthesis protein","na","na","tRNA modification","NtcB","na","na","na","na","na","na","na","na",2,"na","na","cyt-IM assoc","7002_A1732","slr0006 "
"SYNPCC7002_A2080",-0.992504713907539,0.949118846421819,0.0553237078761013,1.02140049719285,-1.03333833758323,"7002_A2080","cyan2645",14,"22683692","hypothetical chloroplast protein family YCF34","ycf34","na","na","na","na","na","na","na","na","na","na","core",2,"Sec","na","TM-assoc","7002_A2080","ssr1425 "
"SYNPCC7002_A2111",-0.858965382320693,1.2026099654771,-0.402563003265127,0.93833628678089,-0.879417866672174,"7002_A2111","cyan1256",8,"17575449","group 3 RNA polymerase sigma-70 subunit SigH","sigH","na","RNA polymerase","na","na","na","na","na","na","na","na","na",2,"na","na","cyt","7002_A2111","sll0856 "
"SYNPCC7002_A2262",-1.32749380693986,1.32118540134975,0.503234772434046,-0.0081340501718222,-0.488792316672115,"7002_A2262","cyan2150",11,"na","recombinase family protein","na","na","na","na","na","na","na","na","na","na","na","core",2,"na","na","cyt","7002_A2262","sll0177 "
"SYNPCC7002_A2287",-0.896766843102886,1.30043279045391,-0.326053524050761,0.796466510864009,-0.874078934164268,"7002_A2287","cyan10919",1,"na","hypothetical protein","na","na","na","na","na","na","na","na","na","na","na","na",2,"Sec","na","IM 1 TM","7002_A2287","na "
"SYNPCC7002_A2320",-1.09718470645287,1.22720358133326,0.6199646268072,0.183829922409291,-0.933813424096887,"7002_A2320","cyan10935",3,"na","protein of unknown function DUF411","na","na","na","na","na","na","na","na","na","na","na","na",2,"Sec","LepB","peri","7002_A2320","na "
"SYNPCC7002_A2355",-1.3871644830953,1.0659833337021,-0.364605695943529,0.877386227566333,-0.191599382229606,"7002_A2355","cyan2739",10,"na","flavoprotein HI0933 family","na","na","na","na","FAD","na","na","na","na","na","na","na",2,"Sec","LepB","peri","7002_A2355","sll0586 "
"SYNPCC7002_A2369",-1.09802229610049,1.25968662859952,-0.0251970256159221,0.705584827201656,-0.842052134084767,"7002_A2369","cyan1826",4,"na","putative periplasmic protein","na","na","na","na","na","na","na","na","na","na","na","na",2,"Sec","LepB","peri","7002_A2369","sll1086 "
"SYNPCC7002_A2371",-0.929956455997791,0.96230181223732,-0.216940082778185,1.12792654547309,-0.94333181893443,"7002_A2371","cyan2684b",13,"15596724","medium affinity high-flux Na+/bicarbonate symporter BicA","bicA","na","Transport symport (SulP):HCO3","CcmR","na","na","na","na","na","2.A.53.3","na","na",2,"Sec","na","IM 11 TM","7002_A2371","sll0834 "
"SYNPCC7002_A2372",-0.930055440065991,1.01626301688605,-0.231921883298141,1.08226348108837,-0.936549174610297,"7002_A2372","cyan2439b",4,"na","Na+/H+ antiporter NapA","napA","nhaS","Transport antiport:Na:H","CcmR","na","na","na","na","na","2.A.37.2","na","paralog to core",2,"Sec","na","IM 11 TM","7002_A2372","na "
"SYNPCC7002_A2373",-0.89934917739647,1.1460887116757,-0.315696134424488,0.976712391592208,-0.907755791446952,"7002_A2373","cyan0690b",11,"na","Na+/H+ antiporter complex subunit C MrpC","mrpC","mnhC","Transport antiport:Na:H","CcmR","na","na","na","na","na","2.A.63.2","na","core",2,"Sec","na","IM 3 TM","7002_A2373","slr2008 "
"SYNPCC7002_A2374",-0.871633747802151,1.14324989450451,-0.39129025303169,1.00136912389496,-0.881695017565626,"7002_A2374","cyan0693a",11,"na","Na+/H+ antiporter complex subunit D MrpD","MrpD","mnhD","Transport antiport:Na:H","CcmR","na","na","na","na","na","2.A.63.2","na","core",2,"Sec","na","IM 13 TM","7002_A2374","slr2009 "
"SYNPCC7002_A2375",-0.925559607163864,1.27348657081117,-0.206593859579076,0.786334854493821,-0.927667958562052,"7002_A2375","cyan0693b",1,"na","Na+/H+ antiporter complex subunit D2 MrpD2","mrpD2","mnhD","Transport antiport:Na:H","CcmR","na","na","na","na","na","2.A.63.2","na","na",2,"Sec","na","IM 16 TM","7002_A2375","na "
"SYNPCC7002_A2376",-0.788280434692607,1.33590513348766,-0.641544427213164,0.814417263945626,-0.720497535527511,"7002_A2376","cyan0694",11,"na","Na+/H+ antiporter complex subunit E MrpE","mrpE","mnhE","Transport antiport:Na:H","CcmR","na","na","na","na","na","2.A.63.2","na","core",2,"Sec","na","IM 3 TM","7002_A2376","slr2010 "
"SYNPCC7002_A2379",-0.903074586233957,1.13265917320956,-0.369123650335198,1.00666644295238,-0.867127379592778,"7002_A2379","cyan0697",11,"na","Na+/H+ antiporter complex subunit A MrpA","mrpA","na","Transport antiport:Na:H","CcmR","na","na","na","na","na","2.A.63.2","na","core",2,"Sec","na","IM 3 TM","7002_A2379","slr2011 "
"SYNPCC7002_A2380",-0.778176507082369,1.31381146108692,-0.396124863013168,0.796759330813301,-0.936269421804684,"7002_A2380","cyan0698",11,"na","Na+/H+ antiporter complex subunit B MrpB","mrpB","mnhB","Transport antiport:Na:H","CcmR","na","na","na","na","na","2.A.63.2","na","core",2,"Sec","na","IM 6 TM","7002_A2380","slr2012 "
"SYNPCC7002_A2381",-1.06368587779093,1.40880346109411,-0.797010498280551,0.49660844569963,-0.0447155307222556,"7002_A2381","cyan0210",9,"na","putative nuclease, RecB","recB","na","DNA repair","na","na","na","na","na","na","na","na","core",2,"na","na","cyt","7002_A2381","sll1686 "
"SYNPCC7002_A2494",-1.03360781594522,0.954937578186581,-0.0692800608276153,1.07497583169298,-0.927025533106731,"7002_A2494","cyan1177",11,"na","cytoplasmic Zn-dependent proteinase Prp1","prp1","pqqL","Proteolysis","na","Zn","na","na","M16","na","na","na","check",2,"na","na","cyt","7002_A2494","sll2008 "
"SYNPCC7002_A2563",-1.15957107256582,1.15508391396436,-0.426951609291784,0.938844095691376,-0.507405327798125,"7002_A2563","cyan4070",5,"na","metallothionein SmtA","smtA","na","Zinc homeostasis","SmtB Zur","na","na","na","na","na","na","na","na",2,"na","na","cyt","7002_A2563","na "
"SYNPCC7002_A2650",-0.840624208864251,1.26444568462032,-0.894730976629958,0.861196969952522,-0.39028746907863,"7002_A2650","cyan10992",1,"na","hypothetical protein","na","na","na","na","na","na","na","na","na","na","na","na",2,"Sec","na","IM 2 TM","7002_A2650","na "
"SYNPCC7002_A2738",-1.26665258264138,1.35830661295248,-0.0396491066989123,0.497290034029414,-0.549294957641601,"7002_A2738","cyan11022",6,"na","mechanosensitive ion channel family protein","na","na","Transport","na","na","na","na","na","na","na","na","na",2,"Sec","na","IM 6 TM","7002_A2738","na "
"SYNPCC7002_A2770",-0.820817193801105,1.50445478189542,0.269553625659148,0.0410572891347276,-0.994248502888189,"7002_A2770","cyan1452",11,"16453101","TPP-dependent 2-oxoglutarate decarboxylase Kgd","kgd","ilvB","TCA Cycle","na","TPP","na","na","na","na","na","5.5.1.4 2.2.1.6","core",2,"na","na","cyt","7002_A2770","sll1981 "
"SYNPCC7002_A2771",-0.981738938398368,1.25570048898937,0.205040393373166,0.567543619322813,-1.04654556328698,"7002_A2771","cyan2190",10,"na","succinate-semialdehyde dehydrogenase (NADP+) YneI","yneI","gabD","TCA Cycle","na","na","na","na","na","na","na","1.2.1.16 1.2.1.24","check",2,"na","na","cyt","7002_A2771","slr0370 "
"SYNPCC7002_C0011",-1.06371670479925,1.48799700040608,-0.339761900357951,0.475119711015526,-0.559638106264402,"7002_C0011","cyan9974",1,"na","hypothetical protein","na","na","Toxin-antitoxin","na","na","na","na","na","na","na","na","pAQ3",2,"na","na","cyt","7002_C0011","na "
"SYNPCC7002_G0011",-1.01921248112136,0.993760601218019,0.0454067777200177,0.982843005997001,-1.00279790381368,"7002_G0011","cyan0895",3,"na","low-CO2 inducible bicarbonate porin PorB","porB","na","CO2 fixation","CcmR","na","na","na","na","na","1.B.23","na","pAQ7",2,"Sec Bam","LepB","OM","7002_G0011","slr0042 "
"SYNPCC7002_G0075",-1.05780386165524,1.15320328027517,-0.0416766663135765,0.852909381788108,-0.906632134094463,"7002_G0075","cyan3301",7,"na","sulfide quinone reductase Sqr","sqr","na","Sulfur metabolism","na","FAD","na","na","na","na","na","1.8.5.4","pAQ7 pSYSM",2,"na","na","cyt","7002_G0075","sll5036 "
"SYNPCC7002_G0092",-1.05114378004422,1.23520565060298,-0.268839343327741,0.846595038252172,-0.761817565483185,NA,NA,NA,NA,NA,NA,NA,NA,NA,NA,NA,NA,NA,NA,NA,NA,NA,NA,NA,NA,NA,NA,NA
"SYNPCC7002_G0103",-0.80792593995484,1.49926309158221,-0.339690338198553,0.50323792748328,-0.854884740912094,"7002_G0103","cyan0024",3,"na","TonB-dependent ferrichrome receptor FhuA","fhuA","na","Iron homeostasis - siderophore","Fur","na","na","na","na","na","1.B.14","na","pAQ7",2,"Sec Bam","LepB","OM","7002_G0103","sll1406 "
"SYNPCC7002_G0164",-0.917440309507807,1.13442676270738,-0.181663340098499,0.940919104700294,-0.976242217801366,"7002_G0164","cyan3074",8,"na","fermentative lactate dehydrogenase LdhA","ldhA","na","Fermentations: Lactate","na","na","na","na","na","na","na","1.1.1.28","pAQ7",2,"na","na","cyt","7002_G0164","slr1556 "
