"","LL_LO2","HL_HO2","HL_LO2","HL_VHO2","LL_HO2","Locus.tag","Ortholog.group","Genome.count.calc","Reference..PMID.","Curated.Product.Descriptor","Gene","Gene.Aliases","Functional.role","regulon","cofactor","substrate","Regulator.family","Merops.family","CAZY","TC.family","E.C.","evolution","Genome.count.calc.1","Loc.Sys","Loc.Cleave","protein.localization","X7002","X6803"
"SYNPCC7002_A0003",-1.03691722963004,-0.132775210938841,-0.0114014353834282,1.64163019767105,-0.460536321718737,"7002_A0003","cyan3878",7,"na","conserved hypothetical protein","na","na","na","na","na","na","na","na","na","na","na","na",2,"na","na","cyt","7002_A0003","na "
"SYNPCC7002_A0016",-1.23587332149315,0.403671164290891,-0.27989904169271,1.45408698860697,-0.341985789712007,"7002_A0016","cyan3779",10,"na","glyoxalase superfamily protein","na","na","na","na","na","na","na","na","na","na","na","check",2,"na","na","cyt","7002_A0016","na "
"SYNPCC7002_A0036",-0.973897777717686,0.437980250370361,0.209084788180331,1.33869721910372,-1.01186447993673,"7002_A0036","cyan10474",1,"na","hypothetical protein","na","na","na","na","na","na","na","na","na","na","na","na",2,"na","na","cyt","7002_A0036","na "
"SYNPCC7002_A0057",-1.13020206935266,-0.0445264956282942,0.68934754169728,1.27411265399966,-0.788731630715978,"7002_A0057","cyan10475",1,"na","dioxygenase","na","na","na","na","na","na","na","na","na","na","na","na",2,"na","na","cyt","7002_A0057","na "
"SYNPCC7002_A0078",-1.06446639081258,0.094088114741337,-0.184952793235724,1.61604317643805,-0.460712107131091,"7002_A0078","cyan0616",7,"na","conserved hypothetical protein","na","na","na","na","na","na","na","na","na","na","na","na",2,"na","na","cyt","7002_A0078","sll0982 "
"SYNPCC7002_A0184",-1.13935762235445,0.745973322550951,-0.414878098882029,1.31149554758682,-0.503233148901293,"7002_A0184","cyan2077",4,"na","hypothetical protein","na","na","na","na","na","na","na","na","na","na","na","na",2,"Sec","na","IM 1 TM","7002_A0184","sll1862 "
"SYNPCC7002_A0186",-0.848411272549629,0.341967823529911,-0.297089728992179,1.57483121406404,-0.771298036052138,"7002_A0186","cyan10492",7,"na","high light inducible protein","na","na","na","na","na","na","na","na","na","na","na","na",2,"Sec","na","IM 1 TM","7002_A0186","ssl1633 "
"SYNPCC7002_A0282",-1.32351726850669,0.564316161441245,0.228948487071717,1.19701900222684,-0.666766382233121,"7002_A0282","cyan0987a",14,"na","glutaredoxin 3 GrxA","grxA","na","Glutathione:Redox cycle","na","na","na","na","na","na","na","na","core",2,"na","na","cyt","7002_A0282","ssr2061 "
"SYNPCC7002_A0295",-1.37761916529267,0.248953801444401,0.0468833017967902,1.39320059371091,-0.311418531659429,"7002_A0295","cyan10505",1,"na","two component signal transduction system, hybrid response regulator","na","na","Sensory transduction","na","na","na","na","na","na","na","2.7.13.3","na",2,"na","na","cyt-IM assoc","7002_A0295","na "
"SYNPCC7002_A0320",-0.898610251486668,0.517557734857192,-0.173449214762832,1.44789446898714,-0.893392737594827,"7002_A0320","cyan0821",11,"19820102","thioredoxin-dependent peroxidase 1-Cys family","na","na","Oxidative stress","na","na","na","na","na","na","na","na","core",2,"na","na","cyt","7002_A0320","slr1198 "
"SYNPCC7002_A0382",-0.796849721988746,0.17774443206225,0.0368837092462471,1.54860553087081,-0.966383950190559,"7002_A0382","cyan3239",5,"na","ribonucleoside-diphosphate reductase, beta subunit, NrdB","nrdB","na","na","na","na","na","na","na","na","na","1.17.4.1","na",2,"na","na","cyt","7002_A0382","slr0591 "
"SYNPCC7002_A0472",-0.882240173826041,0.714566146722271,-0.33298668860152,1.36272345085862,-0.862062735153332,"7002_A0472","cyan1489",7,"na","conserved hypothetical protein SbtB","sbtB","na","na","CcmR","na","na","na","na","na","na","na","na",2,"na","na","cyt","7002_A0472","slr1513 "
"SYNPCC7002_A0473",-0.789897404333534,0.422091428787004,-0.465375737484059,1.56424726325656,-0.731065550225976,"7002_A0473","cyan10540",1,"na","hypothetical protein","na","na","junk?","na","na","na","na","na","na","na","na","na",2,"na","na","cyt","7002_A0473","na "
"SYNPCC7002_A0587",-1.25191336573457,0.799670148912227,-0.366304990749856,1.22292348998563,-0.404375282413432,"7002_A0587","cyan2050",9,"na","RND-type export system permease component heavy metal efflux (HME) family Rnd3b","rnd3b","na","Transport RND|export","na","Cu?","na","na","na","na","2.A.6.2","na","na",2,"Sec","na","IM 12 TM","7002_A0587","sll0142 "
"SYNPCC7002_A0603",-0.957071458443234,0.171989845348857,0.0782603478067689,1.53631191423073,-0.829490648943124,"7002_A0603","cyan0814",3,"na","homoserine kinase type II","na","na","AA synth - Met","na","na","na","na","na","na","na","2.7.1.39","na",2,"na","na","cyt","7002_A0603","sll1119 "
"SYNPCC7002_A0630",-1.37378719707296,0.210500327588627,-0.192318457891373,1.42365085809242,-0.0680455307167115,"7002_A0630","cyan2980",14,"na","Holliday junction resolvase RuvC","ruvC","na","DNA replication","na","na","na","na","na","na","na","3.1.22.4","core",2,"na","na","cyt","7002_A0630","sll0896 "
"SYNPCC7002_A0801",-1.00552447508649,0.597748139809345,0.292083282984849,1.18470335067687,-1.06901029838457,"7002_A0801","cyan2879",9,"na","protein of unknown function DUF2997","na","na","na","na","na","na","na","na","na","na","na","na",2,"na","na","cyt","7002_A0801","ssl1263 "
"SYNPCC7002_A0802",-1.20669854667611,0.311478337775089,0.218745102246071,1.37991916443234,-0.703444057777389,"7002_A0802","cyan2878",14,"na","protein of unknown function DUF1257 Ycf35","ycf35","na","na","na","na","na","na","na","na","na","na","core",2,"na","na","cyt","7002_A0802","sll0661 "
"SYNPCC7002_A0858",-1.06734056486955,0.29248180409551,0.127551348128037,1.45269438832132,-0.805386975675317,"7002_A0858","cyan0647c",14,"na","high light inducible protein Hli5","hli5","na","Photosystem I assembly","na","na","na","na","na","na","na","na","core",2,"Sec","na","TM 1 TM","7002_A0858","ssr1789 "
"SYNPCC7002_A0936",-1.37233580460199,0.500034784424192,-0.0579349212493319,1.31088204695223,-0.3806461055251,"7002_A0936","cyan10624",1,"na","putative outer membrane protein","na","na","na","na","na","na","na","na","na","na","na","na",2,"Sec Bam","LepB","OM","7002_A0936","na "
"SYNPCC7002_A0970",-1.14814490421155,0.368310910732842,-0.0746311675666136,1.47018156898656,-0.615716407941241,"7002_A0970","cyan1346a",2,"na","glutathione peroxidase","na","na","na","na","na","na","na","na","na","na","na","na",2,"na","na","cyt","7002_A0970","slr1992 "
"SYNPCC7002_A1181",-1.23626549901787,0.310715257209107,0.312117485542688,1.32885542123431,-0.715422664968242,"7002_A1181","cyan2195",11,"12384281","ATPase AAA family Ycf46 family","na","na","Stress response","na","ATP","na","na","na","na","na","3.6.3.-","core",2,"na","na","cyt","7002_A1181","slr0374 "
"SYNPCC7002_A1202",-0.803964084778903,0.676290127573009,-0.575524185432715,1.4281216005331,-0.724923457894487,"7002_A1202","cyan1173b",12,"9421905","group 2 RNA polymerase sigma-70 subunit SigB","sigB","na","RNA polymerase - sigma factors","na","na","na","na","na","na","na","na","na",2,"na","na","cyt","7002_A1202","sll0306 "
"SYNPCC7002_A1261",-0.969970323594759,0.448560748671492,-0.395833964533113,1.52646970910943,-0.609226169653048,"7002_A1261","cyan10693",1,"na","two component signal transduction system, hybrid histidine kinase with PAS sensory domain","na","na","Sensory transduction","na","na","na","na","na","na","na","2.7.13.3","na",2,"Sec","na","IM 2 TM","7002_A1261","na "
"SYNPCC7002_A1321",-1.02293615341005,0.0713491258271647,0.644926513253202,1.2681307741339,-0.961470259804215,"7002_A1321","cyan0159c",14,"19390625 12054744 12573219","NAD(P)H:oxygen oxidoreductase Flv3","flv3","na","Oxygen and nitric oxide detoxification:photosystem I","na","FMN","na","na","na","na","na","na","core",2,"na","na","cyt","7002_A1321","sll0550 "
"SYNPCC7002_A1469",-0.874774598446611,0.531803736582482,-0.371111852247805,1.48825157613418,-0.774168862022244,"7002_A1469","cyan3104",6,"na","fasciclin-like repeat-containing protein","na","na","na","na","na","na","na","na","na","na","na","na",2,"na","na","extra","7002_A1469","sll1483 "
"SYNPCC7002_A1483",-1.04307953395651,0.609451692145791,-0.161086665063861,1.37850528557183,-0.783790778697245,"7002_A1483","cyan10736",1,"na","lipid ABC export system, MFP subunit","na","na","Transport|export","na","na","na","na","na","na","3.A.1.122","na","na",2,"Sec","na","IM 1 TM","7002_A1483","na "
"SYNPCC7002_A1528",-1.00909019904055,-0.352528189006358,0.460399679488431,1.50876704596683,-0.607548337408354,"7002_A1528","cyan10750",1,"na","haloacid dehalogenase-like hydrolase","na","na","na","na","na","na","na","na","na","na","na","na",2,"na","na","cyt","7002_A1528","na "
"SYNPCC7002_A1582",-0.977455952433396,0.429116299387929,-0.106842559858829,1.47528267303305,-0.820100460128756,"7002_A1582","cyan6965",2,"na","outer membrane protein","na","na","na","na","na","na","na","na","na","na","na","na",2,"Sec Bam","LepB","OM","7002_A1582","na "
"SYNPCC7002_A1671",-0.989656527554178,0.197526163727869,-0.242768280670841,1.60995088559333,-0.57505224109618,"7002_A1671","cyan4357b",7,"22961855","intramembrane metalloprotease M50 family","na","na","Proteolysis","na","na","na","na","M50","na","na","na","na",2,"Sec","na","IM 6 TM","7002_A1671","sll0528 "
"SYNPCC7002_A1693",-0.94833466788848,0.335290491774037,-0.490233904662281,1.5858781570256,-0.482600076248878,"7002_A1693","cyan4799",5,"na","hypothetical protein","na","na","na","na","na","na","na","na","na","na","na","na",2,"na","na","cyt","7002_A1693","na "
"SYNPCC7002_A1731",-1.11401851826576,0.30774095860173,0.065084967866323,1.46269037638134,-0.721497784583631,"7002_A1731","cyan10784",1,"na","hypothetical protein","na","na","na","na","na","na","na","na","na","na","na","na",2,"Sec","na","IM 2 TM","7002_A1731","na "
"SYNPCC7002_A1942",-1.55596699423689,0.477938109747884,0.361339581875515,1.05230207234414,-0.33561276973065,NA,NA,NA,NA,NA,NA,NA,NA,NA,NA,NA,NA,NA,NA,NA,NA,NA,NA,NA,NA,NA,NA,NA
"SYNPCC7002_A1949",-1.38402070773072,0.485520001707184,-0.241883910106155,1.32517927689078,-0.184794660761091,"7002_A1949","cyan0283",10,"na","2-octaprenyl-6-methoxyphenyl hydroxylase UbiH","ubiH","na","Plastoquinone-9 biosynthesis?","na","FAD","na","na","na","na","na","1.14.13.-","core",2,"na","na","cyt","7002_A1949","slr1300 "
"SYNPCC7002_A2152",-1.15792270337908,0.276026028933217,0.46096333343992,1.2786298159984,-0.857696474992459,"7002_A2152","cyan1857",14,"21368150","ferredoxin (2Fe-2S)","na","na","Photosystem II (redox regulation hydrogenase? Assembly?)","na","2Fe-2S","na","na","na","na","na","na","core",2,"na","na","cyt","7002_A2152","ssl3044 "
"SYNPCC7002_A2164",-1.0154899005664,0.0819087040908876,-0.163785791378882,1.62876179839588,-0.531394810541478,"7002_A2164","cyan0008g",11,"na","photosystem II protein D1 PsbA","psbA","psbA1","Photosystem II","na","na","na","na","na","na","3.E.2.2","na","core",2,"Sec","na","TM 7 TM","7002_A2164","slr1181 "
"SYNPCC7002_A2186",-0.866674028521152,0.130775410430772,-0.000496745832894459,1.58488059208106,-0.848485228157781,"7002_A2186","cyan2662",11,"na","arsenite-activated anion-transporting ATPase ArsA","arsA","na","Detoxification: Arsenate","na","ATP","na","na","na","na","3.A.4","3.6.3.16","core",2,"na","na","cyt-IM assoc","7002_A2186","sll0086 "
"SYNPCC7002_A2368",-1.15876040202926,0.283145275096755,-0.0625793210954125,1.50183206444867,-0.563637616420749,"7002_A2368","cyan2341",11,"19820102","thioredoxin M TrxQ","trxQ","na","na","na","na","na","na","na","na","na","na","core",2,"na","na","cyt","7002_A2368","slr0233 "
"SYNPCC7002_A2378",-0.902870447945173,0.838172001577098,-0.290496774882736,1.25806566919598,-0.902870447945173,"7002_A2378","cyan0696",11,"na","Na+/H+ antiporter complex subunit G MrpG","mrpG","mnhG","Transport antiport:Na:H","CcmR","na","na","na","na","na","2.A.63.2","na","core",2,"Sec","na","IM 2 TM","7002_A2378","ssr3410 "
"SYNPCC7002_A2387",-0.809489689857282,0.128105547472965,-0.343539739957589,1.67113820646119,-0.646214324119289,"7002_A2387","cyan1874",9,"na","hypothetical protein","na","na","na","na","na","na","na","na","na","na","na","na",2,"na","na","cyt","7002_A2387","ssl1762 "
"SYNPCC7002_A2395",-1.06068573501176,0.679105378136313,-0.0152432496684031,1.27887346684755,-0.8820498603037,"7002_A2395","cyan4656",11,"na","protein of unknown function DUF1830","na","na","Nitrogen assimilation","NtcA","na","na","na","na","na","na","na","core",2,"na","na","cyt","7002_A2395","sll0944 "
"SYNPCC7002_A2454",-1.56221303512739,-0.122189486125063,0.780658038091156,0.965075975247887,-0.0613314920865899,"7002_A2454","cyan8335",4,"na","hypothetical protein","na","na","AA synth - Arg","na","na","na","na","na","na","na","na","na",2,"na","na","cyt","7002_A2454","na "
"SYNPCC7002_A2570",-1.04212290091262,0.252815811576532,0.0140997269525721,1.51662803769684,-0.741420675313323,"7002_A2570","cyan2917",12,"15775978","light-dependent circadian clock protein complex redox sensing component LdpA","ldpA","na","Sensory transduction: Circadian Clock","na","4Fe-4S","na","na","na","na","na","na","core",2,"na","na","cyt","7002_A2570","sll0031 "
"SYNPCC7002_A2586",-1.18798424774693,0.465269705721858,-0.267287047637326,1.44650581017293,-0.456504220510538,"7002_A2586","cyan1875",8,"na","membrane-bound serine protease, NfeD family","na","na","na","na","na","na","na","na","na","na","na","na",2,"Sec","na","IM 3 TM","7002_A2586","slr0935 "
"SYNPCC7002_A2628",-0.917422109872221,0.315639644554478,0.612402463864031,1.15305417428624,-1.16367417283253,"7002_A2628","cyan10985",1,"na","RND type export system, permease component, hydrophobe/amphiphile (HAE1) family, Rnd2b","rnd2b","na","Transport RND|export","na","na","na","na","na","na","2.A.6","na","na",2,"Sec","na","IM 12 TM","7002_A2628","na "
"SYNPCC7002_A2760",-1.0682117601867,-0.0371141818199937,0.571544180309888,1.3596904823995,-0.825908720702704,"7002_A2760","cyan11027",3,"na","anti-ECFsigma factor, ChrR","chrR","na","Regulation:signal relay","na","na","na","na","na","na","na","na","na",2,"na","na","cyt","7002_A2760","na "
"SYNPCC7002_A2866",-0.603367100235507,0.387700087832988,-0.483415356605668,1.57583403246425,-0.876751663456062,"7002_A2866","cyan4402",9,"na","hydroxyacylglutathione hydrolase","na","na","Pyruvate metabolism","na","na","na","na","na","na","na","3.1.2.6","na",2,"na","na","cyt","7002_A2866","slr1259 "
"SYNPCC7002_A2867",-0.935425390205562,-0.264384737936451,0.485798121583862,1.4892987353091,-0.77528672875095,"7002_A2867","cyan11057",1,"na","protein of unknown function DUF2892 with N-terminal rhodanase domain","na","na","na","na","na","na","na","na","na","na","na","na",2,"Sec","na","IM 2 TM","7002_A2867","na "
"SYNPCC7002_A2869",-1.06419342014631,-0.0680440878544624,0.00204031453929225,1.61965664531978,-0.489459451858301,"7002_A2869","cyan6613a",5,"na","two component signal transduction system, response regulator with diguanylate cyclase/phosphodiesterase activity","na","na","Sensory transduction","na","na","na","na","na","na","na","na","na",2,"na","na","cyt-IM assoc","7002_A2869","na "
"SYNPCC7002_C0012",-0.776969066967725,0.62267422205154,-0.539724856832585,1.4597679755082,-0.765748273759431,"7002_C0012","cyan7499",2,"na","toxin-antitoxin system toxin PIN family","na","na","Toxin-antitoxin","na","na","na","na","na","na","na","na","pAQ3",2,"na","na","cyt","7002_C0012","na "
"SYNPCC7002_F0078",-0.976719149190754,-0.458281474719484,0.795293402654728,1.31957695554966,-0.679869734294145,"7002_F0078","cyan9088",2,"na","conserved hypothetical protein","na","na","na","na","na","na","na","na","na","na","na","pAQ6 pCC7120alpha",2,"Sec Bam","LepB","OM","7002_F0078","na "
"SYNPCC7002_G0009",-0.875006639681364,0.660220356991174,-0.378323264649678,1.40998517126557,-0.816875623925698,"7002_G0009","cyan1193",11,"na","protein of unknown function DUF427","na","na","na","na","na","na","na","na","na","na","na","core",2,"na","na","cyt","7002_G0009","ssl3291 "
"SYNPCC7002_G0010",-1.00850522100259,0.757753008921412,0.0583594209474646,1.1886281512449,-0.996235360111186,"7002_G0010","cyan10116",1,"na","uncharacterized periplasmic protein","na","na","na","na","na","na","na","na","na","na","na","pAQ7",2,"Sec","LepB","peri","7002_G0010","na "
