"","LL_LO2","LL_HO2","HL_LO2","HL_HO2","HL_VHO2","Locus.tag","Ortholog.group","Genome.count.calc","Reference..PMID.","Curated.Product.Descriptor","Gene","Gene.Aliases","Functional.role","regulon","cofactor","substrate","Regulator.family","Merops.family","CAZY","TC.family","E.C.","evolution","Genome.count.calc.1","Loc.Sys","Loc.Cleave","protein.localization","X7002","X6803"
"SYNPCC7002_A0035",1.28148473078406,0.827338786234517,-0.617122561098951,-1.04575153764133,-0.445949418278295,"7002_A0035","cyan0935",14,"na","lysyl-tRNA synthetase LysS","lysS","na","Aminoacyl-tRNA biosynthesis","na","na","na","na","na","na","na","6.1.1.6","core",2,"na","na","cyt","7002_A0035","slr1550 "
"SYNPCC7002_A0044",0.926913487688669,0.633875502372611,-1.48390257625335,0.478330736763494,-0.555217150571421,"7002_A0044","cyan1576",5,"na","uracil-DNA glycosylase superfamily protein","na","na","na","na","na","na","na","na","na","na","na","na",2,"na","na","cyt","7002_A0044","sll1217 "
"SYNPCC7002_A0093",1.2063229232453,0.476242112282534,-0.449134722953068,0.206565260092817,-1.43999557266758,"7002_A0093","cyan0222",13,"22711541","Mg protoporphyrin monomethylester oxidative cyclase auxiliary protein Ycf54","ycf54","na","na","na","na","na","na","na","na","na","na","core",2,"na","na","cyt","7002_A0093","slr1780 "
"SYNPCC7002_A0126",1.51450990862894,-0.538511740864743,-1.00342694704616,-0.438515106627643,0.465943885909612,"7002_A0126","cyan10483",5,"na","tRNA (guanosine-2'-O-)-methyltransferase TrmH","trmH","na","tRNA modification","na","na","na","na","na","na","na","2.1.1.34","na",2,"na","na","cyt","7002_A0126","na "
"SYNPCC7002_A0183",1.24108282882533,0.767578064801379,-0.0778055101845229,-0.951600668690677,-0.979254714751511,"7002_A0183","cyan2746",9,"na","TPR repeat-containing glycosyltransferase family 2","na","na","na","na","na","na","na","na","GT2","na","na","na",2,"na","na","cyt","7002_A0183","slr0626 "
"SYNPCC7002_A0199",1.10529019427502,0.749074258812701,-0.218306623414739,-0.173350332758649,-1.46270749691434,"7002_A0199","cyan5436",6,"na","NAD-reducing hydrogenase associated CBS domain-containing protein, Hyp3","hyp3","na","Hydrogenase","na","na","na","na","na","na","na","na","plasmid A",2,"na","na","cyt","7002_A0199","na "
"SYNPCC7002_A0200",1.26568334228257,0.820420666199054,-0.362871812149884,-0.628683646313596,-1.09454855001814,"7002_A0200","cyan1564",7,"na","NAD-reducing hydrogenase subunit HoxH","hoxH","na","Hydrogenase","na","na","na","na","na","na","na","1.12.1.2","na",2,"na","na","cyt","7002_A0200","sll1226 "
"SYNPCC7002_A0279",0.837429042129417,0.763839566047478,0.560758503831422,-0.902644555628754,-1.25938255637956,"7002_A0279","cyan0416",14,"na","thiamin-phosphate pyrophosphorylase ThiE","thiE","na","Cofactor thiamin (B1) synth","na","na","na","na","na","na","na","2.5.1.3","core",2,"na","na","cyt","7002_A0279","sll0635 "
"SYNPCC7002_A0344",1.09441680403679,1.0706687597739,-0.919773598554279,-0.754063455557293,-0.491248509699124,"7002_A0344","cyan2508",8,"na","rare lipoprotein A (RlpA)-like double-psi beta-barrel domain protein","na","na","na","na","na","na","na","na","na","na","na","check",2,"Sec","LepB","peri","7002_A0344","slr0423 "
"SYNPCC7002_A0352",1.72606065938763,-0.168058841895534,-0.381662603430953,-0.866483736790787,-0.309855477270358,"7002_A0352","cyan2058",12,"na","Xaa-Pro aminopeptidase PepP","pepP","na","Proteolysis","na","na","na","na","M24","na","na","3.4.11.9","na",2,"na","na","cyt","7002_A0352","sll0136 "
"SYNPCC7002_A0371",1.23207259980892,0.771915501807622,-0.120384239940525,-1.162787731041,-0.720816130635015,"7002_A0371","cyan0722",14,"na","serine phosphatase modulating sigma factor SibG RsbU","rsbU","na","Regulation: post-translational","na","na","na","na","na","na","na","na","core",2,"na","na","cyt","7002_A0371","slr2031 "
"SYNPCC7002_A0387",1.49824226705995,0.546078775157921,-0.661721462585096,-0.513252060722543,-0.869347518910235,"7002_A0387","cyan2466",14,"na","glycyl-tRNA synthetase alpha subunit GlyQ","glyQ","na","Aminoacyl-tRNA biosynthesis","na","na","na","na","na","na","na","6.1.1.14","core",2,"na","na","cyt","7002_A0387","slr0638 "
"SYNPCC7002_A0394",1.77213623375977,-0.295008921433844,-0.480223658621849,-0.648417982343472,-0.348485671360604,"7002_A0394","cyan1371",14,"na","adenine nucleotide alpha hydrolase TIGR00268 family","na","na","na","na","na","na","na","na","na","na","na","core",2,"na","na","cyt","7002_A0394","slr1717 "
"SYNPCC7002_A0395",1.45662502512382,0.432314473301087,-0.47916498425603,-1.18863128021047,-0.22114323395841,"7002_A0395","cyan2225",11,"na","ABC-type high affinity urea uptake system ATPase component UrtD","urtD","na","Nitrogen assimilation","NtcA","ATP","na","na","na","na","3.A.1.4","3.6.3.-","na",2,"na","na","cyt-IM assoc","7002_A0395","sll0764 "
"SYNPCC7002_A0396",1.5176179680749,0.196263494054516,0.0925824358095328,-0.8081295589393,-0.99833433899965,"7002_A0396","cyan0824",11,"na","ABC-type high affinity urea uptake system permease component UrtC","urtC","na","Nitrogen assimilation","NtcA","na","urea","na","na","na","3.A.1.4","na","na",2,"Sec","na","IM 9 TM","7002_A0396","slr1201 "
"SYNPCC7002_A0448",1.46723543337703,0.471533662762312,-0.647097825435895,-0.214597153499362,-1.07707411720409,"7002_A0448","cyan0088",11,"15547288","decarboxylating NADP-dependent malic enzyme MaeB","maeB","na","Pyruvate metabolism I: anaplerotic reactions, PEP","na","na","na","na","na","na","na","1.1.1.40","core",2,"na","na","cyt","7002_A0448","slr0721 "
"SYNPCC7002_A0488",1.48295770515768,0.418808027448181,-1.12936433436159,-0.225467191219168,-0.546934207025099,"7002_A0488","cyan3262",14,"na","bifunctional phosphoribosyl-AMP cyclohydrolase/phosphoribosyl-ATP pyrophosphatase HisIE","hisIE","na","AA synth: Aromatic (his)","na","na","na","na","na","na","na","3.6.1.31 3.5.4.19","core",2,"na","na","cyt","7002_A0488","slr0608 "
"SYNPCC7002_A0506",1.5802341549222,0.0158193538049415,0.0608365203769939,-1.07970822035286,-0.577181808751275,"7002_A0506","cyan10543",1,"na","haloacid dehalogenase-like hydrolase","na","na","na","na","na","na","na","na","na","na","na","na",2,"na","na","cyt","7002_A0506","na "
"SYNPCC7002_A0507",1.58684557890771,0.183979816485698,-0.791524967672077,-0.903199544358887,-0.07610088336245,"7002_A0507","cyan0393",14,"na","16S rRNA (cytosine967-C5)-methyltransferase RsmB ","rsmB","na","rRNA modication - 16S","na","na","na","na","na","na","na","2.1.1.176","core",2,"na","na","cyt","7002_A0507","slr0679 "
"SYNPCC7002_A0562",1.24331347045007,0.815158412711146,-0.615265650886168,-0.29165286274505,-1.15155336953,"7002_A0562","cyan0304a",14,"na","tryptophan synthase alpha subunit TrpA","trpA","na","AA synth: Trp","na","na","na","na","na","na","na","4.2.1.20","core",2,"na","na","cyt","7002_A0562","slr0966 "
"SYNPCC7002_A0594",1.30297485652997,0.600109591295455,-1.30413993911398,-0.475507419359608,-0.123437089351846,"7002_A0594","cyan1792",12,"na","muramoyltetrapeptide carboxypeptidase IdcA","idcA","mccF","Peptidoglycan turnover","na","na","na","na","S66","na","na","3.4.17.13","na",2,"na","na","cyt","7002_A0594","slr1534 "
"SYNPCC7002_A0641",1.12997817606188,1.0055146124878,-0.543824233325855,-1.06936717700498,-0.522301378218846,"7002_A0641","cyan2133",14,"17035238","thioredoxin-responsive transcriptional regulator of photosynthesis and carbon fixation PedR","pedR","na","CO2 fixation","PedR","na","na","LuxR","na","na","na","na","core",2,"na","na","cyt","7002_A0641","ssl0564 "
"SYNPCC7002_A0702",1.4001664976152,0.455730186750614,-0.850802112318923,0.0464845856082707,-1.05157915765516,"7002_A0702","cyan2264",14,"na","protein of unknown funciton DUF185","na","na","na","na","na","na","na","na","na","na","na","core",2,"na","na","cyt","7002_A0702","slr0351 "
"SYNPCC7002_A0704",1.32309533587605,0.189000381942973,-0.00292159841096082,-1.48769202856103,-0.0214820908470312,"7002_A0704","cyan10579",1,"na","alpha/beta hydrolase fold protein","na","na","Proteolysis","na","na","na","na","S33","na","na","3.8.1.5","na",2,"na","na","cyt","7002_A0704","na "
"SYNPCC7002_A0884",1.33919231794922,0.698084091257775,-0.294270017019459,-1.10984334436788,-0.633163047819661,"7002_A0884","cyan1728",14,"na","aspartate carbamoyltransferase catalytic subunit PyrB","pyrB","na","L-arginine deiminase pathway","na","na","na","na","na","na","na","2.1.3.2","core",2,"na","na","cyt","7002_A0884","slr1476 "
"SYNPCC7002_A0919",1.33182430465559,0.0582694458213606,0.0978053605391793,-0.000188531260078216,-1.48771057975605,"7002_A0919","cyan4191",10,"na","ABC-type oligopeptide transport system permease component","na","na","Transport","na","ATP","na","na","na","na","3.A.1.5","na","na",2,"Sec","na","IM 6 TM","7002_A0919","na "
"SYNPCC7002_A0982",1.39081712770899,0.576311853142778,-0.113905763492139,-0.967229926969386,-0.88599329039024,"7002_A0982","cyan2899",12,"na","Fe-S cluster protein","na","na","na","na","na","na","na","na","na","na","na","na",2,"na","na","cyt","7002_A0982","slr0022 "
"SYNPCC7002_A1085",1.44818704640678,0.570636674446689,-0.388635498605379,-1.0356997475452,-0.594488474702895,"7002_A1085","cyan0117",14,"na","geranylgeranyl diphosphate synthase type II CrtE","crtE","na","Isoprenoid biosynthesis","na","na","na","na","na","na","na","2.5.1.1 2.5.1.10 2.5.1.29","core",2,"na","na","cyt","7002_A1085","slr0739 "
"SYNPCC7002_A1089",1.43247973774003,0.182292368184188,-0.321075828541645,-1.34500878522459,0.0513125078420148,"7002_A1089","cyan3066",14,"na","c-type cytochrome biogenesis protein CcdA","ccdA","na","Biogenesis of c-type cytochromes","na","na","na","na","na","na","na","na","core",2,"Sec","na","IM 6 TM","7002_A1089","sll0621 "
"SYNPCC7002_A1184",1.3904918947146,0.342554797780563,-1.27063970002507,-0.568659523465354,0.106252530995261,"7002_A1184","cyan10675",2,"18786544","23S rRNA (cytosine1962-C5)-methyltransferase, RlmI","rlmI","na","rRNA modification - 23S","na","na","na","na","na","na","na","2.1.1.191","na",2,"na","na","cyt","7002_A1184","na "
"SYNPCC7002_A1196",0.984923218436214,1.01847089200315,-0.00723987485351591,-1.0098034560108,-0.986350779575046,"7002_A1196","cyan0068",11,"na","thioredoxin M TrxM","trxM","na","Trx system","na","na","na","na","na","na","na","na","core",2,"na","na","cyt","7002_A1196","sll1057 "
"SYNPCC7002_A1263",1.28785972247352,0.537526297435858,0.183902194975535,-0.999994793472261,-1.00929342141266,"7002_A1263","cyan0303",14,"na","DNA polymerase III beta subunit DnaN","dnaN","na","DNA replication","na","na","na","na","na","na","na","2.7.7.7","core",2,"na","na","cyt","7002_A1263","slr0965 "
"SYNPCC7002_A1328",0.825286339685115,1.18179295681562,-0.487578523182498,-0.244923353363487,-1.27457741995475,"7002_A1328","cyan2765",8,"na","CobQ/CobB/MinD/ParA nucleotide binding domain-containing protein","na","na","na","na","na","na","na","na","na","na","na","na",2,"na","na","cyt","7002_A1328","slr0110 "
"SYNPCC7002_A1335",1.2698129888435,0.858971106943778,-0.924998936523183,-0.415383567250813,-0.788401592013284,"7002_A1335","cyan0260",10,"na","hypothetical protein","na","na","na","na","na","na","na","na","na","na","na","na",2,"na","na","cyt","7002_A1335","slr1800 "
"SYNPCC7002_A1363",1.69058110081934,-0.584928492296208,-0.788812535078005,0.0939439552473973,-0.410784028692519,"7002_A1363","cyan2468",11,"12039966","Mn-responsive two component signal transduction system histidine kinase ManS","manS","na","Manganese homeostasis","na","na","na","HK","na","na","na","2.7.13.3","core",2,"Sec","na","IM 2 TM","7002_A1363","slr0640 "
"SYNPCC7002_A1378",0.989908032525877,1.10702542690013,-0.982687620177911,-0.234531895767565,-0.879713943480534,"7002_A1378","cyan0323",9,"na","conserved hypothetical protein","na","na","na","na","na","na","na","na","na","na","na","na",2,"na","na","cyt","7002_A1378","slr0975 "
"SYNPCC7002_A1396",1.45095380549789,0.393308951893379,0.00325320315751005,-0.794581885156709,-1.05293407539207,NA,NA,NA,NA,NA,NA,NA,NA,NA,NA,NA,NA,NA,NA,NA,NA,NA,NA,NA,NA,NA,NA,NA
"SYNPCC7002_A1397",1.19714955836523,0.891494902232823,-0.262907578973219,-0.778161724842763,-1.04757515678208,NA,NA,NA,NA,NA,NA,NA,NA,NA,NA,NA,NA,NA,NA,NA,NA,NA,NA,NA,NA,NA,NA,NA
"SYNPCC7002_A1431",0.958753636979205,0.994397517833864,0.082431648833222,-0.936025308222604,-1.09955749542369,"7002_A1431","cyan1827",6,"na","protein of unknown function DUF2330","na","na","na","na","na","na","na","na","na","na","na","na",2,"Sec","LepB","peri","7002_A1431","slr1173 "
"SYNPCC7002_A1490",1.37856048036476,0.635941825772981,-0.207181730403955,-0.806138764446455,-1.00118181128733,"7002_A1490","cyan10740",1,"na","hypothetical exported protein","na","na","na","na","na","na","na","na","na","na","na","na",2,"na","na","extra","7002_A1490","na "
"SYNPCC7002_A1545",1.5663624682377,-0.0275954086434074,-1.15836819359364,-0.446693673638812,0.0662948076381643,"7002_A1545","cyan2716",14,"na","phosphoribosylformylglycinamidine synthase glutamine amidotransferase subunit PurQ","purQ","na","De Novo Purine Biosynthesis","na","na","na","na","C56","na","na","6.3.5.3","core",2,"na","na","cyt","7002_A1545","slr0520 "
"SYNPCC7002_A1556",0.710488454105195,1.21991014624955,0.0684709393460548,-0.951489990396238,-1.04737954930457,"7002_A1556","cyan7016",5,"na","methyltransferase type 11","na","na","na","na","na","na","na","na","na","na","na","na",2,"na","na","cyt","7002_A1556","na "
"SYNPCC7002_A1610",1.27440984888196,0.715321005837772,-0.196681329189434,-0.566374380419499,-1.2266751451108,"7002_A1610","cyan1167",14,"na","porphobilinogen deaminase HemC","hemC","na","Prosthetic group heme synth","Fur","na","na","na","na","na","na","2.5.1.61","core",2,"na","na","cyt","7002_A1610","slr1887 "
"SYNPCC7002_A1648",0.827982648862455,0.739513231757895,0.616261782845778,-1.13303440163515,-1.05072326183098,"7002_A1648","cyan8226",2,"na","ABC-type B12/cobalamin uptake system ATPase component BtuD","btuD","na","Cofactor B12 salvage: (B12 Transport)","Zur Cob ribosw","ATP","na","na","na","na","3.A.1.13","3.6.3.-","na",2,"na","na","cyt-IM assoc","7002_A1648","na "
"SYNPCC7002_A1649",1.30827328856864,-0.0694608577688766,0.490206994820932,-0.340802157586259,-1.38821726803444,"7002_A1649","cyan3246",14,"23066898","Fe2+-responsive transcriptional regulator of iron homeostasis Fur","fur","furA","Iron homeostasis","Fur","na","na","Fur","na","na","na","na","core",2,"na","na","cyt","7002_A1649","sll0567 "
"SYNPCC7002_A1828",1.38819789999087,0.556694152530591,-0.0733148205647279,-0.880010123280405,-0.991567108676332,"7002_A1828","cyan0296a",14,"20194361","oxygen-dependent coproporphyrinogen III oxidase HemF","hemF","na","Prosthetic group heme synth","na","na","na","na","na","na","na","1.3.3.3","core",2,"na","na","cyt","7002_A1828","sll1185 "
"SYNPCC7002_A1890",1.37997336311276,0.0596094605443611,0.468482979513889,-0.792344354366906,-1.11572144880411,"7002_A1890","cyan3048",14,"na","1-(5-phosphoribosyl)-5-[(5-phosphoribosylamino)methylideneamino] imidazole-4-carboxamide isomerase HisA","hisA","na","AA synth: Aromatic (his)","na","na","na","na","na","na","na","5.3.1.16","core",2,"na","na","cyt","7002_A1890","slr0652 "
"SYNPCC7002_A1914",1.25039967367713,-0.175318533600532,-1.51306934738696,0.117829922813354,0.320158284497008,"7002_A1914","cyan2123",9,"na","signal transduction protein with MEKHLA (PAS) sensory domain","na","na","Sensory transduction","na","na","na","na","na","na","na","na","na",2,"na","na","cyt","7002_A1914","slr0325 "
"SYNPCC7002_A1916",1.6065928952301,0.308822897917316,-0.891307284907777,-0.56032376967594,-0.463784738563696,"7002_A1916","cyan2387",14,"na","protein of unknown function DUF3539","na","na","na","na","na","na","na","na","na","na","na","core",2,"na","na","cyt","7002_A1916","ssl0105 "
"SYNPCC7002_A1956",1.71713196115577,-0.319600840608238,-0.0746680869951402,-0.846842552956121,-0.476020480596268,"7002_A1956","cyan3234",12,"na","protein of unknown function DUF3529","na","na","na","na","na","na","na","na","na","na","na","core",2,"Sec","na","IM 3 TM","7002_A1956","slr0589 "
"SYNPCC7002_A1981",1.31278334563848,0.70404316498623,-0.141930674967353,-0.977207164998759,-0.8976886706586,"7002_A1981","cyan2069",14,"na","FIG01178238: hypothetical protein","na","na","na","na","na","na","na","na","na","na","na","core",2,"na","na","cyt","7002_A1981","slr1926 "
"SYNPCC7002_A1994",0.945769482974829,0.285344493623369,0.883073285391298,-0.988587104731742,-1.12560015725775,"7002_A1994","cyan10854",1,"na","polysaccharide deacetylase domain-containing protein","na","na","Polysaccharide synth","na","na","na","na","na","na","na","na","na",2,"na","na","cyt","7002_A1994","na "
"SYNPCC7002_A2105",1.5361458626408,0.474595739623243,-0.554054769013941,-0.574932497075924,-0.88175433617418,"7002_A2105","cyan10884",1,"na","RlpA-like protein","na","na","na","na","na","na","na","na","na","na","na","na",2,"na","na","cyt","7002_A2105","na "
"SYNPCC7002_A2136",1.6606039650588,0.0758783942920635,-0.374718816956539,-0.971590195595361,-0.390173346798966,"7002_A2136","cyan2164",11,"na","hypothetical protein","na","na","na","na","na","na","na","na","na","na","na","core",2,"na","na","cyt","7002_A2136","sll0162 "
"SYNPCC7002_A2149",1.1758031425082,0.563900039408634,0.202134451524136,-1.40293657203038,-0.538901061410596,"7002_A2149","cyan1690",14,"na","ECF-type uptake system permease component","na","na","Transport","na","na","na","na","na","na","3.A.1.26","na","core",2,"Sec","na","IM 2 TM","7002_A2149","slr1978 "
"SYNPCC7002_A2185",1.36193415429118,0.0825425592879573,0.346036436130492,-0.439399031037722,-1.35111411867191,"7002_A2185","cyan5798",9,"na","glycosyl transferase, group 2 family protein","na","na","na","na","na","na","na","na","na","na","na","na",2,"Sec","na","IM 2 TM","7002_A2185","na "
"SYNPCC7002_A2208",0.941495577079136,1.23244742109053,-0.611206825473702,-0.778772286290368,-0.783963886405595,"7002_A2208","cyan9613b",4,"na","ammonium/methylammonium permease Amt","amt","na","Nitrogen assimilation - ammonium","NtcA","na","na","na","na","na","1.A.11.2","na","na",2,"Sec","na","IM 12 TM","7002_A2208","na "
"SYNPCC7002_A2213",1.51028575473712,0.187980902900285,0.126471127798219,-0.874479710765077,-0.950258074670551,"7002_A2213","cyan1145",11,"20532743","phycocyanin alpha subunit phycocyanobilin lyase CpcE","cpcE","na","Phycobilisome - phycocyanin/phycoerythrocyanin","na","na","na","na","na","na","na","na","core",2,"na","na","cyt","7002_A2213","slr1878 "
"SYNPCC7002_A2240",1.45162812455031,0.518625026695239,-0.191074836988136,-0.937320380703754,-0.841857933553659,"7002_A2240","cyan4256",6,"na","chromsome partitioning ATPase Soj","soj","na","DNA replication","na","na","na","na","na","na","na","na","na",2,"na","na","cyt","7002_A2240","slr1597 "
"SYNPCC7002_A2265",1.38640994929665,0.648191659082553,-0.601463963271184,-1.08332103560821,-0.349816609499814,"7002_A2265","cyan10911",1,"na","hypothetical protein","na","na","na","na","na","na","na","na","na","na","na","na",2,"Sec","na","IM 1 TM","7002_A2265","na "
"SYNPCC7002_A2285",0.808045506161371,1.25891346278901,-0.399203047439694,-0.508200687040336,-1.15955523447035,"7002_A2285","cyan2447b",4,"na","phosphate ABC transporter permease component PstC","pstC","na","Phosphate homeostasis","na","na","na","na","na","na","3.A.1.7","na","na",2,"Sec","na","IM 6 TM","7002_A2285","na "
"SYNPCC7002_A2328",1.47015206131372,0.362105958215239,-0.0251610212436666,-1.09603139973923,-0.711065598546068,"7002_A2328","cyan0666",14,"na","seryl-tRNA synthetase SerS","serS","na","Aminoacyl-tRNA biosynthesis","Crp","na","na","na","na","na","na","6.1.1.11","core",2,"na","na","cyt","7002_A2328","slr1703 "
"SYNPCC7002_A2347",0.812241875742393,1.2575118354731,-0.222273440447756,-0.885465070595743,-0.962015200171991,"7002_A2347","cyan3124",14,"na","light-independent protochlorophyllide reductase iron-sulfur ATP-binding protein ChlL","chlL","na","Chlorophyll Biosynthesis","PedR Fur","ATP FeS","na","na","na","na","na","1.18.-.-","core",2,"na","na","cyt","7002_A2347","slr0749 "
"SYNPCC7002_A2354",1.64795468670296,-0.211837255575357,0.122379175824704,-0.849738828043669,-0.708757778908634,"7002_A2354","cyan1497",14,"na","3-isopropylmalate dehydrogenase LeuB","leuB","na","AA synth: ILV","na","na","na","na","na","na","na","1.1.1.85","core",2,"na","na","cyt","7002_A2354","slr1517 "
"SYNPCC7002_A2363",1.61104696171669,0.319956384256582,-0.839082066550162,-0.514728887581009,-0.5771923918421,"7002_A2363","cyan1703",12,"na","30S ribosomal protein S1 like protein","na","na","Ribosome: SSU","na","na","na","na","na","na","na","na","core",2,"na","na","cyt","7002_A2363","slr1984 "
"SYNPCC7002_A2386",0.995982287733237,1.07658251320106,-0.173054318682036,-1.03627558984175,-0.863234892410508,"7002_A2386","cyan10944",1,"na","hypothetical protein","na","na","na","na","na","na","na","na","na","na","na","na",2,"Sec","na","IM 1 TM","7002_A2386","na "
"SYNPCC7002_A2406",1.13183493642489,0.918513290736261,-1.20568520197397,-0.60244035761616,-0.24222266757102,"7002_A2406","cyan1354",10,"na","cyanophycinase CphB","cphB","na","Cyanophycin Metabolism","na","na","na","na","S51","na","na","3.4.15.6","na",2,"na","na","cyt","7002_A2406","slr2001 "
"SYNPCC7002_A2419",0.885419112820556,1.11683465655845,-0.189183782858192,-0.526198659961718,-1.2868713265591,"7002_A2419","cyan2641",11,"na","conserved hypothetical protein","na","na","na","na","na","na","na","na","na","na","na","check",2,"Sec","na","IM 1 TM","7002_A2419","sll0827 "
"SYNPCC7002_A2424",1.56882056979106,-0.0681691420568748,0.217739245780752,-0.787392289096009,-0.930998384418929,"7002_A2424","cyan0969",7,"na","SulP family permease, Sul1","sul1","na","Transport (SulP)","na","na","na","na","na","na","2.A.53","na","na",2,"Sec","na","IM 11 TM","7002_A2424","slr1229 "
"SYNPCC7002_A2456",1.40254463437041,0.641059848532924,-0.374086242195561,-0.624610691178532,-1.04490754952924,"7002_A2456","cyan2321",14,"na","glycyl-tRNA synthetase beta subunit GlyS","glyS","na","Aminoacyl-tRNA biosynthesis","na","na","na","na","na","na","na","6.1.1.14","core",2,"na","na","cyt","7002_A2456","slr0220 "
"SYNPCC7002_A2482",0.674884145850698,0.543797222307677,-0.0792934336693053,0.56903912032189,-1.70842705481096,"7002_A2482","cyan10962",1,"na","hypothetical protein","na","na","na","na","na","na","na","na","na","na","na","na",2,"na","na","cyt","7002_A2482","na "
"SYNPCC7002_A2505",1.31653305606186,0.731804702802384,-0.310967579255446,-0.618411056585008,-1.11895912302379,"7002_A2505","cyan3075",14,"na","carbamoyl phosphate synthase small subunit CarA","carA","na","De Novo Pyrimidine Synthesis","na","na","na","na","C26","na","na","6.3.5.5","core",2,"na","na","cyt","7002_A2505","sll1498 "
"SYNPCC7002_A2558",1.5404991105188,-0.458763236250342,-0.673043420211998,-0.867632204968321,0.458939750911859,"7002_A2558","cyan5720",4,"na","transaldolase, TalC","talC","na","Cofactor folate synth","na","na","na","na","na","na","na","2.2.1.2","na",2,"na","na","cyt","7002_A2558","na "
"SYNPCC7002_A2559",1.58343879053164,-0.0537903407912898,0.175111505223248,-0.907429521494219,-0.79733043346938,"7002_A2559","cyan0708",14,"na","malonyl CoA-acyl carrier protein transacylase FabD","fabD","na","Fatty Acid Biosynthesis FASII","na","na","na","na","na","na","na","2.3.1.39","core",2,"na","na","cyt","7002_A2559","slr2023 "
"SYNPCC7002_A2612",1.24282020165943,-0.455138975371683,-1.34200110317572,-0.106013805152456,0.660333682040423,"7002_A2612","cyan0890",6,"na","carboxysome major structural protein, CcmK3","ccmK3","na","CO2 uptake, carboxysome","na","na","na","na","na","na","na","na","na",2,"na","na","CS","7002_A2612","slr1838 "
"SYNPCC7002_A2646",1.06406404123587,0.9941993470765,-0.12970143106155,-1.00194596053475,-0.926615996716072,"7002_A2646","cyan1942",11,"19843617","photosynthetic pigment/protein complex formation Pitt","pitT","na","Chlorophyll biosynthesis | thylakoid membrane formation","na","na","na","na","na","na","na","na","core",2,"Sec","na","TM 1 TM","7002_A2646","slr1644 "
"SYNPCC7002_A2671",1.34172695842739,0.691842085561012,-1.14861009504781,-0.370918393654571,-0.51404055528602,"7002_A2671","cyan2034",9,"na","FIG01158930: hypothetical protein","na","na","na","na","na","na","na","na","na","na","na","na",2,"na","na","cyt","7002_A2671","slr0147 "
"SYNPCC7002_A2674",1.33806152965195,0.665485426497512,-1.16924844077746,-0.256600873470482,-0.577697641901518,"7002_A2674","cyan11000",1,"na","V4R domain-containing protein","na","na","na","na","na","na","na","na","na","na","na","na",2,"na","na","cyt","7002_A2674","na "
"SYNPCC7002_A2675",1.39088138456227,0.347444186159966,-1.36253826108947,-0.0940508404709962,-0.28173646916177,"7002_A2675","cyan2035",9,"na","ferredoxin Fdx","fdx","na","na","na","2Fe-2S","na","na","na","na","na","na","na",2,"na","na","cyt","7002_A2675","slr0148 "
"SYNPCC7002_A2704",1.69057826617131,-0.165065823244734,-0.22613998260039,-0.980877045923566,-0.318495414402621,"7002_A2704","cyan2379",14,"na","acetolactate synthase regulatory subunit IlvH","ilvH","na","AA synth: ILV","na","na","na","na","na","na","na","2.2.1.6","core",2,"na","na","cyt","7002_A2704","sll0065 "
"SYNPCC7002_A2723",1.45118567729031,-0.716887371125686,-1.0129895347705,0.536303061104535,-0.257611832498655,NA,NA,NA,NA,NA,NA,NA,NA,NA,NA,NA,NA,NA,NA,NA,NA,NA,NA,NA,NA,NA,NA,NA
"SYNPCC7002_A2724",1.24540205981868,0.771548284971442,-0.722927889598069,-0.15011326899303,-1.14390918619903,NA,NA,NA,NA,NA,NA,NA,NA,NA,NA,NA,NA,NA,NA,NA,NA,NA,NA,NA,NA,NA,NA,NA
"SYNPCC7002_A2780",1.37721091681507,0.543978054565111,-0.0317629734001389,-0.841263060961272,-1.04816293701877,"7002_A2780","cyan2882",14,"na","tRNA-guanine transglycosylase Tgt","tgt","na","tRNA modification: queuosine insertion","na","na","na","na","na","na","na","2.4.2.29","core",2,"na","na","cyt","7002_A2780","slr0713 "
"SYNPCC7002_A2786",1.18887906554472,0.851333441644882,-0.232111408648981,-0.609680508887725,-1.19842058965289,NA,NA,NA,NA,NA,NA,NA,NA,NA,NA,NA,NA,NA,NA,NA,NA,NA,NA,NA,NA,NA,NA,NA
"SYNPCC7002_A2873",1.36061969464244,0.30654042122028,0.0690355679992949,-1.3890553165533,-0.347140367308711,"7002_A2873","cyan1905",14,"na","cysteinyl-tRNA synthetase CysS","cysS","na","Aminoacyl-tRNA biosynthesis","na","na","na","na","na","na","na","6.1.1.16","core",2,"na","na","cyt","7002_A2873","slr0958 "
"SYNPCC7002_A2880",0.869245125204218,1.09496307011012,-0.129299330105822,-1.33296929324555,-0.501939571962973,NA,NA,NA,NA,NA,NA,NA,NA,NA,NA,NA,NA,NA,NA,NA,NA,NA,NA,NA,NA,NA,NA,NA
"SYNPCC7002_G0035",0.751687489265839,0.931514616078595,0.478247575516438,-1.11673410020506,-1.04471558065581,"7002_G0035","cyan3567",4,"na","conserved hypothetical protein with von Willebrand factor type A domain","na","na","na","na","na","na","na","na","na","na","na","pAQ7 pSYSA pP742502",2,"na","na","cyt","7002_G0035","slr7060 "
"SYNPCC7002_G0036",0.744613332733902,1.29811685679506,-0.184633720455781,-0.922238098746796,-0.935858370326389,"7002_G0036","cyan3566",5,"na","transcriptional regulator MerR family","na","na","Sensory transduction","na","na","na","na","na","na","na","na","pAQ7 pSYSA pP742502",2,"na","na","cyt","7002_G0036","slr7059 "
"SYNPCC7002_G0038",0.662355440297307,1.15546057554001,0.248656136890839,-0.912379393331284,-1.15409275939687,"7002_G0038","cyan10129",1,"na","hypothetical protein","na","na","na","na","na","na","na","na","na","na","na","pAQ7",2,"na","na","cyt","7002_G0038","na "
