"","LL_LO2","HL_HO2","HL_LO2","HL_VHO2","LL_HO2","Locus.tag","Ortholog.group","Genome.count.calc","Reference..PMID.","Curated.Product.Descriptor","Gene","Gene.Aliases","Functional.role","regulon","cofactor","substrate","Regulator.family","Merops.family","CAZY","TC.family","E.C.","evolution","Genome.count.calc.1","Loc.Sys","Loc.Cleave","protein.localization","X7002","X6803"
"SYNPCC7002_A0044",0.926913487688669,0.478330736763494,-1.48390257625335,-0.555217150571421,0.633875502372611,"7002_A0044","cyan1576",5,"na","uracil-DNA glycosylase superfamily protein","na","na","na","na","na","na","na","na","na","na","na","na",2,"na","na","cyt","7002_A0044","sll1217 "
"SYNPCC7002_A0126",1.51450990862894,-0.438515106627643,-1.00342694704616,0.465943885909612,-0.538511740864743,"7002_A0126","cyan10483",5,"na","tRNA (guanosine-2'-O-)-methyltransferase TrmH","trmH","na","tRNA modification","na","na","na","na","na","na","na","2.1.1.34","na",2,"na","na","cyt","7002_A0126","na "
"SYNPCC7002_A0203",0.789321398516808,-1.21781619825823,-0.938377050656295,0.882401525492103,0.484470324905612,"7002_A0203","cyan1790",7,"na","[NiFe] hydrogenase nickel incorporation-associated protein HypB","hypB","na","Hydrogenase: maturation","na","na","na","na","na","na","na","na","na",2,"na","na","cyt","7002_A0203","sll1432 "
"SYNPCC7002_A0344",1.09441680403679,-0.754063455557293,-0.919773598554279,-0.491248509699124,1.0706687597739,"7002_A0344","cyan2508",8,"na","rare lipoprotein A (RlpA)-like double-psi beta-barrel domain protein","na","na","na","na","na","na","na","na","na","na","na","check",2,"Sec","LepB","peri","7002_A0344","slr0423 "
"SYNPCC7002_A0352",1.72606065938763,-0.866483736790787,-0.381662603430953,-0.309855477270358,-0.168058841895534,"7002_A0352","cyan2058",12,"na","Xaa-Pro aminopeptidase PepP","pepP","na","Proteolysis","na","na","na","na","M24","na","na","3.4.11.9","na",2,"na","na","cyt","7002_A0352","sll0136 "
"SYNPCC7002_A0394",1.77213623375977,-0.648417982343472,-0.480223658621849,-0.348485671360604,-0.295008921433844,"7002_A0394","cyan1371",14,"na","adenine nucleotide alpha hydrolase TIGR00268 family","na","na","na","na","na","na","na","na","na","na","na","core",2,"na","na","cyt","7002_A0394","slr1717 "
"SYNPCC7002_A0395",1.45662502512382,-1.18863128021047,-0.47916498425603,-0.22114323395841,0.432314473301087,"7002_A0395","cyan2225",11,"na","ABC-type high affinity urea uptake system ATPase component UrtD","urtD","na","Nitrogen assimilation","NtcA","ATP","na","na","na","na","3.A.1.4","3.6.3.-","na",2,"na","na","cyt-IM assoc","7002_A0395","sll0764 "
"SYNPCC7002_A0488",1.48295770515768,-0.225467191219168,-1.12936433436159,-0.546934207025099,0.418808027448181,"7002_A0488","cyan3262",14,"na","bifunctional phosphoribosyl-AMP cyclohydrolase/phosphoribosyl-ATP pyrophosphatase HisIE","hisIE","na","AA synth: Aromatic (his)","na","na","na","na","na","na","na","3.6.1.31 3.5.4.19","core",2,"na","na","cyt","7002_A0488","slr0608 "
"SYNPCC7002_A0507",1.58684557890771,-0.903199544358887,-0.791524967672077,-0.07610088336245,0.183979816485698,"7002_A0507","cyan0393",14,"na","16S rRNA (cytosine967-C5)-methyltransferase RsmB ","rsmB","na","rRNA modication - 16S","na","na","na","na","na","na","na","2.1.1.176","core",2,"na","na","cyt","7002_A0507","slr0679 "
"SYNPCC7002_A0594",1.30297485652997,-0.475507419359608,-1.30413993911398,-0.123437089351846,0.600109591295455,"7002_A0594","cyan1792",12,"na","muramoyltetrapeptide carboxypeptidase IdcA","idcA","mccF","Peptidoglycan turnover","na","na","na","na","S66","na","na","3.4.17.13","na",2,"na","na","cyt","7002_A0594","slr1534 "
"SYNPCC7002_A0702",1.4001664976152,0.0464845856082707,-0.850802112318923,-1.05157915765516,0.455730186750614,"7002_A0702","cyan2264",14,"na","protein of unknown funciton DUF185","na","na","na","na","na","na","na","na","na","na","na","core",2,"na","na","cyt","7002_A0702","slr0351 "
"SYNPCC7002_A0804",0.497853126863582,0.351851190599017,-1.77395414473081,0.297335920470216,0.626913906797994,"7002_A0804","cyan2010",5,"na","conserved hypothetical protein","na","na","na","na","na","na","na","na","na","na","na","na",2,"Sec","LspA","LP -IM","7002_A0804","sll0361 "
"SYNPCC7002_A1089",1.43247973774003,-1.34500878522459,-0.321075828541645,0.0513125078420148,0.182292368184188,"7002_A1089","cyan3066",14,"na","c-type cytochrome biogenesis protein CcdA","ccdA","na","Biogenesis of c-type cytochromes","na","na","na","na","na","na","na","na","core",2,"Sec","na","IM 6 TM","7002_A1089","sll0621 "
"SYNPCC7002_A1184",1.3904918947146,-0.568659523465354,-1.27063970002507,0.106252530995261,0.342554797780563,"7002_A1184","cyan10675",2,"18786544","23S rRNA (cytosine1962-C5)-methyltransferase, RlmI","rlmI","na","rRNA modification - 23S","na","na","na","na","na","na","na","2.1.1.191","na",2,"na","na","cyt","7002_A1184","na "
"SYNPCC7002_A1335",1.2698129888435,-0.415383567250813,-0.924998936523183,-0.788401592013284,0.858971106943778,"7002_A1335","cyan0260",10,"na","hypothetical protein","na","na","na","na","na","na","na","na","na","na","na","na",2,"na","na","cyt","7002_A1335","slr1800 "
"SYNPCC7002_A1363",1.69058110081934,0.0939439552473973,-0.788812535078005,-0.410784028692519,-0.584928492296208,"7002_A1363","cyan2468",11,"12039966","Mn-responsive two component signal transduction system histidine kinase ManS","manS","na","Manganese homeostasis","na","na","na","HK","na","na","na","2.7.13.3","core",2,"Sec","na","IM 2 TM","7002_A1363","slr0640 "
"SYNPCC7002_A1378",0.989908032525877,-0.234531895767565,-0.982687620177911,-0.879713943480534,1.10702542690013,"7002_A1378","cyan0323",9,"na","conserved hypothetical protein","na","na","na","na","na","na","na","na","na","na","na","na",2,"na","na","cyt","7002_A1378","slr0975 "
"SYNPCC7002_A1545",1.5663624682377,-0.446693673638812,-1.15836819359364,0.0662948076381643,-0.0275954086434074,"7002_A1545","cyan2716",14,"na","phosphoribosylformylglycinamidine synthase glutamine amidotransferase subunit PurQ","purQ","na","De Novo Purine Biosynthesis","na","na","na","na","C56","na","na","6.3.5.3","core",2,"na","na","cyt","7002_A1545","slr0520 "
"SYNPCC7002_A1914",1.25039967367713,0.117829922813354,-1.51306934738696,0.320158284497008,-0.175318533600532,"7002_A1914","cyan2123",9,"na","signal transduction protein with MEKHLA (PAS) sensory domain","na","na","Sensory transduction","na","na","na","na","na","na","na","na","na",2,"na","na","cyt","7002_A1914","slr0325 "
"SYNPCC7002_A1916",1.6065928952301,-0.56032376967594,-0.891307284907777,-0.463784738563696,0.308822897917316,"7002_A1916","cyan2387",14,"na","protein of unknown function DUF3539","na","na","na","na","na","na","na","na","na","na","na","core",2,"na","na","cyt","7002_A1916","ssl0105 "
"SYNPCC7002_A2136",1.6606039650588,-0.971590195595361,-0.374718816956539,-0.390173346798966,0.0758783942920635,"7002_A2136","cyan2164",11,"na","hypothetical protein","na","na","na","na","na","na","na","na","na","na","na","core",2,"na","na","cyt","7002_A2136","sll0162 "
"SYNPCC7002_A2265",1.38640994929665,-1.08332103560821,-0.601463963271184,-0.349816609499814,0.648191659082553,"7002_A2265","cyan10911",1,"na","hypothetical protein","na","na","na","na","na","na","na","na","na","na","na","na",2,"Sec","na","IM 1 TM","7002_A2265","na "
"SYNPCC7002_A2363",1.61104696171669,-0.514728887581009,-0.839082066550162,-0.5771923918421,0.319956384256582,"7002_A2363","cyan1703",12,"na","30S ribosomal protein S1 like protein","na","na","Ribosome: SSU","na","na","na","na","na","na","na","na","core",2,"na","na","cyt","7002_A2363","slr1984 "
"SYNPCC7002_A2406",1.13183493642489,-0.60244035761616,-1.20568520197397,-0.24222266757102,0.918513290736261,"7002_A2406","cyan1354",10,"na","cyanophycinase CphB","cphB","na","Cyanophycin Metabolism","na","na","na","na","S51","na","na","3.4.15.6","na",2,"na","na","cyt","7002_A2406","slr2001 "
"SYNPCC7002_A2422",0.954685509673868,-0.292464121338266,-1.37702986471979,-0.295034834849614,1.0098433112338,"7002_A2422","cyan1442",2,"na","bifunctional catalase/peroxidase HPI, KatG","katG","na","Oxidative stress","na","na","na","na","na","na","na","1.11.1.7 1.11.1.6","na",2,"na","na","cyt","7002_A2422","sll1987 "
"SYNPCC7002_A2558",1.5404991105188,-0.867632204968321,-0.673043420211998,0.458939750911859,-0.458763236250342,"7002_A2558","cyan5720",4,"na","transaldolase, TalC","talC","na","Cofactor folate synth","na","na","na","na","na","na","na","2.2.1.2","na",2,"na","na","cyt","7002_A2558","na "
"SYNPCC7002_A2579",0.732618510971058,-0.44359518719063,-1.50877876799486,0.960718415789129,0.259037028425298,"7002_A2579","cyan10974",1,"na","hypothetical protein","na","na","na","na","na","na","na","na","na","na","na","na",2,"Sec Bam","LepB","OM","7002_A2579","na "
"SYNPCC7002_A2612",1.24282020165943,-0.106013805152456,-1.34200110317572,0.660333682040423,-0.455138975371683,"7002_A2612","cyan0890",6,"na","carboxysome major structural protein, CcmK3","ccmK3","na","CO2 uptake, carboxysome","na","na","na","na","na","na","na","na","na",2,"na","na","CS","7002_A2612","slr1838 "
"SYNPCC7002_A2670",0.967415847811021,-0.333482574276662,-1.37357272842312,-0.259727986464612,0.999367441353375,"7002_A2670","cyan2367",2,"na","alpha/beta hydrolase fold protein","na","na","Proteolysis","na","na","na","na","S33","na","na","na","na",2,"na","na","cyt","7002_A2670","slr0440 "
"SYNPCC7002_A2671",1.34172695842739,-0.370918393654571,-1.14861009504781,-0.51404055528602,0.691842085561012,"7002_A2671","cyan2034",9,"na","FIG01158930: hypothetical protein","na","na","na","na","na","na","na","na","na","na","na","na",2,"na","na","cyt","7002_A2671","slr0147 "
"SYNPCC7002_A2673",0.824277427645748,-0.428716525434706,-1.13453484326057,-0.518363892443071,1.2573378334926,"7002_A2673","cyan10999",1,"na","hypothetical protein","na","na","na","na","na","na","na","na","na","na","na","na",2,"na","na","cyt","7002_A2673","na "
"SYNPCC7002_A2674",1.33806152965195,-0.256600873470482,-1.16924844077746,-0.577697641901518,0.665485426497512,"7002_A2674","cyan11000",1,"na","V4R domain-containing protein","na","na","na","na","na","na","na","na","na","na","na","na",2,"na","na","cyt","7002_A2674","na "
"SYNPCC7002_A2675",1.39088138456227,-0.0940508404709962,-1.36253826108947,-0.28173646916177,0.347444186159966,"7002_A2675","cyan2035",9,"na","ferredoxin Fdx","fdx","na","na","na","2Fe-2S","na","na","na","na","na","na","na",2,"na","na","cyt","7002_A2675","slr0148 "
"SYNPCC7002_A2704",1.69057826617131,-0.980877045923566,-0.22613998260039,-0.318495414402621,-0.165065823244734,"7002_A2704","cyan2379",14,"na","acetolactate synthase regulatory subunit IlvH","ilvH","na","AA synth: ILV","na","na","na","na","na","na","na","2.2.1.6","core",2,"na","na","cyt","7002_A2704","sll0065 "
