"","LL_LO2","LL_HO2","HL_LO2","HL_HO2","HL_VHO2","Locus.tag","Ortholog.group","Genome.count.calc","Reference..PMID.","Curated.Product.Descriptor","Gene","Gene.Aliases","Functional.role","regulon","cofactor","substrate","Regulator.family","Merops.family","CAZY","TC.family","E.C.","evolution","Genome.count.calc.1","Loc.Sys","Loc.Cleave","protein.localization","X7002","X6803"
"SYNPCC7002_A0100",-0.82919765445893,1.06445852549885,-0.587616705261924,1.11745061619311,-0.765094781971098,NA,NA,NA,NA,NA,NA,NA,NA,NA,NA,NA,NA,NA,NA,NA,NA,NA,NA,NA,NA,NA,NA,NA
"SYNPCC7002_A0132",-1.2691241108082,-0.197866886976739,-0.116865623765306,1.52752813866088,0.0563284828893635,"7002_A0132","cyan2114",7,"na","conserved hypothetical protein","na","na","na","na","na","na","na","na","na","na","na","na",2,"Sec","na","IM 2 TM","7002_A0132","ssl1807 "
"SYNPCC7002_A0137",-0.731595642214393,0.196292533604097,-0.936894298537548,1.59189760755359,-0.119700200405749,NA,NA,NA,NA,NA,NA,NA,NA,NA,NA,NA,NA,NA,NA,NA,NA,NA,NA,NA,NA,NA,NA,NA
"SYNPCC7002_A0220",-1.12126496138616,-0.312011354450131,-0.389031424462322,1.5567797686643,0.265527971634307,"7002_A0220","cyan2223",11,"na","DNA repair protein RadC","radC","na","DNA repair","na","na","na","na","na","na","na","na","core",2,"na","na","cyt","7002_A0220","sll0766 "
"SYNPCC7002_A0471",-0.9720790901055,-0.586558957223676,0.0318970737729619,1.64215499073723,-0.115414017181018,"7002_A0471","cyan10539",1,"na","hypothetical protein","na","na","junk???","na","na","na","na","na","na","na","na","na",2,"na","na","cyt","7002_A0471","na "
"SYNPCC7002_A0484",-0.818772556125705,0.565346590866686,-0.612043286989361,1.49595596598912,-0.630486713740743,NA,NA,NA,NA,NA,NA,NA,NA,NA,NA,NA,NA,NA,NA,NA,NA,NA,NA,NA,NA,NA,NA,NA
"SYNPCC7002_A0625",-0.558036075294114,0.0109147722952919,-0.582060776922706,1.72909861262319,-0.59991653270166,NA,NA,NA,NA,NA,NA,NA,NA,NA,NA,NA,NA,NA,NA,NA,NA,NA,NA,NA,NA,NA,NA,NA
"SYNPCC7002_A0852",-0.595638134193994,-0.385396304789896,-0.564801392170609,1.76862873712881,-0.222792905974312,"7002_A0852","cyan7878",2,"21712441","class II cyanobacteriochrome","na","na","Sensory transduction - light","na","na","na","na","na","na","na","na","na",2,"na","na","cyt","7002_A0852","na "
"SYNPCC7002_A0871",0.37587005647929,-0.537117155625732,-0.854372696858712,1.58589439645768,-0.570274600452524,"7002_A0871","cyan1688",14,"11292796","ABC-type FeII uptake system ATPase component FutC","futC","na","Iron homeostasis","Fur","ATP","na","na","na","na","3.A.1.10","3.6.3.29","core",2,"na","na","cyt-IM assoc","7002_A0871","sll1878 "
"SYNPCC7002_A0898",1.13587844122495,-1.47355456631597,0.0363232751907234,0.646504498206204,-0.345151648305903,"7002_A0898","cyan1045",11,"na","cobalt precorrin-6Y C15-methyltransferase (decarboxylating) CbiT","cobL","cbiT","Cofactor B12 synth: aerobic?","na","na","na","na","na","na","na","2.1.1.-","core",2,"na","na","cyt","7002_A0898","slr1368 "
"SYNPCC7002_A0935",-0.625480202556856,-0.802627237489465,-0.183341037440249,1.70920832826642,-0.0977598507798523,"7002_A0935","cyan10623",1,"na","hypothetical protein","na","na","na","na","na","na","na","na","na","na","na","na",2,"Sec","LepB","peri","7002_A0935","na "
"SYNPCC7002_A0949",-0.675051168439328,0.472829348146955,-0.604078005729554,1.55005191095846,-0.743752084936537,NA,NA,NA,NA,NA,NA,NA,NA,NA,NA,NA,NA,NA,NA,NA,NA,NA,NA,NA,NA,NA,NA,NA
"SYNPCC7002_A1006",1.13687269108924,-1.11472260318913,-0.218314863548629,0.934148268286401,-0.73798349263788,"7002_A1006","cyan2373",14,"na","formyltetrahydrofolate deformylase PurU","purU","na","na","na","na","na","na","na","na","na","3.5.1.10","core",2,"na","na","cyt","7002_A1006","sll0070 "
"SYNPCC7002_A1291",-0.398553019921961,-0.482940466939151,-0.427074750176782,1.78772042858954,-0.479152191551647,"7002_A1291","cyan1414",9,"na","iron-stress flavodoxin IsiB","isiB","na","Photosystem I","PerR","na","na","na","na","na","na","na","na",2,"na","na","cyt-TM assoc","7002_A1291","sll0248 "
"SYNPCC7002_A1292",-0.382938967343245,-0.473588597046143,-0.454172562169335,1.78756723788191,-0.47686711132319,"7002_A1292","cyan1415",10,"na","iron starvation-induced chlorophyll a(b) binding protein IsiA","isiA","na","Photosystem I","PerR","na","na","na","na","na","3.E.2.2","na","na",2,"Sec","na","TM 7 TM","7002_A1292","sll0247 "
"SYNPCC7002_A1311",-1.20001729652528,-0.260387978911361,-0.450222516292171,1.43708510455112,0.473542687177694,"7002_A1311","cyan2881",6,"na","cytochrome b6-f complex subunit VII, PetM","petM","na","Cytochrome B6-F complex","na","na","na","na","na","na","na","na","na",2,"Sec","na","TM 1 TM","7002_A1311","smr0003 "
"SYNPCC7002_A1700",0.951197099614137,-1.2308245095394,-0.921373895061823,0.671785933621615,0.529215371365471,"7002_A1700","cyan2420",11,"na","hypothetical protein","na","na","na","na","na","na","na","na","na","na","na","core",2,"na","na","cyt","7002_A1700","slr0479 "
"SYNPCC7002_A1722",-0.964519488359256,-0.723459647703226,0.0265710629745651,1.59407284671106,0.0673352263768578,"7002_A1722","cyan6763",3,"na","ABC-type efflux pump ATPase component","na","na","Transport|export:unknown A, part 2","na","ATP","na","na","na","na","3.A.1","na","fdxN-element",2,"na","na","cyt-IM assoc","7002_A1722","na "
"SYNPCC7002_A1723",-0.970840599981629,-0.597274240765363,0.7623136016248,1.35025276238811,-0.544451523265916,"7002_A1723","cyan6774",3,"na","ABC-type efflux pump membrane fusion component","na","na","Transport|export:unknown A, part 1","na","na","na","na","na","na","na","na","fdxN-element",2,"Sec","na","IM 1 TM","7002_A1723","na "
"SYNPCC7002_A1777",-0.115155580095279,-1.25391570362721,0.309294541805655,1.46722718793585,-0.407450446019016,"7002_A1777","cyan10795",1,"na","CRISPR-associated endonuclease Cas1","cas1","na","CRISPRs","na","na","na","na","na","na","na","na","na",2,"na","na","cyt","7002_A1777","na "
"SYNPCC7002_A1839",0.829762163560561,-1.28720758127914,0.409570321624397,0.885824296365069,-0.837949200270888,"7002_A1839","cyan7977",2,"na","hypothetical protein","na","na","na","na","na","na","na","na","na","na","na","na",2,"Sec","na","IM 1 TM","7002_A1839","na "
"SYNPCC7002_A2076",-0.616952160497585,0.459509608187076,-0.562315606921474,1.55004633802196,-0.830288178789976,NA,NA,NA,NA,NA,NA,NA,NA,NA,NA,NA,NA,NA,NA,NA,NA,NA,NA,NA,NA,NA,NA,NA
"SYNPCC7002_A2084",-0.804240759668106,0.30808359883399,-0.814126806237458,1.58709069532232,-0.276806728250743,NA,NA,NA,NA,NA,NA,NA,NA,NA,NA,NA,NA,NA,NA,NA,NA,NA,NA,NA,NA,NA,NA,NA
"SYNPCC7002_A2089",-0.883350558801785,0.25288247072468,-0.614152374480805,1.62331449182818,-0.378694029270273,NA,NA,NA,NA,NA,NA,NA,NA,NA,NA,NA,NA,NA,NA,NA,NA,NA,NA,NA,NA,NA,NA,NA
"SYNPCC7002_A2098",0.225615267151355,-0.188826106858693,0.759462134060636,0.830624054277075,-1.62687534863037,"7002_A2098","cyan7385",6,"na","branched-chain amino acid transport system permease protein LivM","livM","na","Transport|ILV","na","na","na","na","na","na","3.A.1.4","na","na",2,"Sec","na","IM 8 TM","7002_A2098","na "
"SYNPCC7002_A2112",-0.961432851704024,0.167232466216406,-0.0930600200674541,1.59371813266369,-0.706457727108614,NA,NA,NA,NA,NA,NA,NA,NA,NA,NA,NA,NA,NA,NA,NA,NA,NA,NA,NA,NA,NA,NA,NA
"SYNPCC7002_A2114",-0.880995882909758,1.37439329451586,-0.264259421590321,0.672452026043135,-0.901590016058918,NA,NA,NA,NA,NA,NA,NA,NA,NA,NA,NA,NA,NA,NA,NA,NA,NA,NA,NA,NA,NA,NA,NA
"SYNPCC7002_A2137",-0.641416502037815,0.117303543035979,-0.649462020371418,1.69682909199133,-0.523254112618077,NA,NA,NA,NA,NA,NA,NA,NA,NA,NA,NA,NA,NA,NA,NA,NA,NA,NA,NA,NA,NA,NA,NA
"SYNPCC7002_A2293",-0.269807958295566,-0.263121870488306,-0.695175266062687,1.75873172395523,-0.530626629108675,NA,NA,NA,NA,NA,NA,NA,NA,NA,NA,NA,NA,NA,NA,NA,NA,NA,NA,NA,NA,NA,NA,NA
"SYNPCC7002_A2296",-1.09244522803467,0.145422841096395,-0.154969405712848,1.58883190186534,-0.48684010921421,"7002_A2296","cyan10922",1,"na","hypothetical protein","na","na","na","na","na","na","na","na","na","na","na","na",2,"na","na","cyt","7002_A2296","na "
"SYNPCC7002_A2319",-1.26757992705064,-0.311622641987593,0.428014353271208,1.42715708760737,-0.275968871840342,"7002_A2319","cyan5746",3,"na","type 3 multicopper oxidase","na","na","na","na","Cu","na","na","na","na","na","na","na",2,"Sec","LepB","peri","7002_A2319","na "
"SYNPCC7002_A2376",-0.788280434692607,-0.720497535527511,-0.641544427213164,1.33590513348766,0.814417263945626,"7002_A2376","cyan0694",11,"na","Na+/H+ antiporter complex subunit E MrpE","mrpE","mnhE","Transport antiport:Na:H","CcmR","na","na","na","na","na","2.A.63.2","na","core",2,"Sec","na","IM 3 TM","7002_A2376","slr2010 "
"SYNPCC7002_A2381",-1.06368587779093,-0.0447155307222556,-0.797010498280551,1.40880346109411,0.49660844569963,"7002_A2381","cyan0210",9,"na","putative nuclease, RecB","recB","na","DNA repair","na","na","na","na","na","na","na","na","core",2,"na","na","cyt","7002_A2381","sll1686 "
"SYNPCC7002_A2396",0.428978869121449,0.155888323276166,-1.4970935492518,1.20920958733911,-0.29698323048493,"7002_A2396","cyan2092",14,"na","1-acyl-sn-glycerol-3-phosphate acyltransferase PlsC","plsC","na","Glycerolipid and Glycerophospholipid Metabolism","na","na","na","na","na","na","na","2.3.1.51","core",2,"na","na","cyt","7002_A2396","sll1848 "
"SYNPCC7002_A2436",-0.777621259596465,-0.652104182890167,0.0483542742238357,1.69408830068921,-0.31271713242641,"7002_A2436","cyan0911",5,"na","GCN5-related N-acetyltransferase","na","na","na","na","na","na","na","M06","na","na","na","pCC7120alpha",2,"na","na","cyt","7002_A2436","sll1469 "
"SYNPCC7002_A2507",0.496389747237349,-0.630536579961175,-0.732574495066974,1.53874578215106,-0.672024454360258,"7002_A2507","cyan0274a",14,"11292796 Collart","ABC-type FeII uptake system substrate-binding component FutA","futA","futA1","Iron homeostasis","na","na","FeIII","na","na","na","3.A.1.10","na","core",2,"TAT","LepB","peri","7002_A2507","slr1295 "
"SYNPCC7002_A2657",-0.225832937908824,-0.80607858659679,-0.273999700448109,1.74186766053443,-0.435956435580709,"7002_A2657","cyan10996",1,"na","hypothetical protein","na","na","na","na","na","na","na","na","na","na","na","na",2,"na","na","cyt","7002_A2657","na "
"SYNPCC7002_A2659",0.478284799952837,-0.835947273330986,-0.615140933157481,1.54017212532735,-0.567368718791716,"7002_A2659","cyan4352",5,"na","conserved hypothetical lipoprotein","na","na","na","na","na","na","na","na","na","na","na","na",2,"Sec","LspA","LP -IM","7002_A2659","na "
"SYNPCC7002_A2660",0.113672201668186,-0.284676967232588,-0.83373316231212,1.66559239842954,-0.660854470553021,"7002_A2660","cyan4351",5,"na","multicopper oxidase","na","na","Copper homeostasis","na","Cu","na","na","na","na","na","na","na",2,"Sec","LepB","peri","7002_A2660","na "
"SYNPCC7002_A2662",0.803788419684046,-0.746741326121252,-1.1032075685574,1.24141468578783,-0.195254210793223,"7002_A2662","cyan0979",2,"na","bacterioferritin-associated ferredoxin, Bfd","bfd","na","Iron trafficking","na","na","na","na","na","na","na","na","na",2,"na","na","cyt","7002_A2662","ssl2250 "
"SYNPCC7002_A2667",-0.795449929084226,-0.0940236048822727,-0.595706651959286,1.71744199569557,-0.232261809769781,NA,NA,NA,NA,NA,NA,NA,NA,NA,NA,NA,NA,NA,NA,NA,NA,NA,NA,NA,NA,NA,NA,NA
"SYNPCC7002_A2740",-0.70640871908011,0.0179541728258141,-0.672673090654326,1.71057378452674,-0.349446147618123,NA,NA,NA,NA,NA,NA,NA,NA,NA,NA,NA,NA,NA,NA,NA,NA,NA,NA,NA,NA,NA,NA,NA
"SYNPCC7002_A2744",0.621097417159303,-1.24936042611396,0.0570268550281895,1.25693910785046,-0.685702953923989,"7002_A2744","cyan0420",5,"na","bifunctional NADH dehydrogenase-like protein / selenide, water dikinase, SelD","selD","na","Selenouridine utilization","na","FAD","na","na","na","na","na","2.7.9.3","na",2,"na","na","cyt","7002_A2744","slr1591 "
"SYNPCC7002_A2763",0.876444040897508,-1.45414127142186,-0.473661822523242,0.938163195651595,0.113195857395997,"7002_A2763","cyan0627",9,"na","dienelactone hydrolase family protein","na","na","na","na","na","na","na","S09","na","na","na","na",2,"na","na","cyt","7002_A2763","sll1298 "
"SYNPCC7002_A2774",-0.144379377798529,0.0781532910486959,0.719178440225025,0.946837539815766,-1.59978989329096,"7002_A2774","cyan0220",11,"na","alanine dehydrogenase Ald","ald","na","Pyruvate Alanine Serine Interconversions","na","na","na","na","na","na","na","1.4.1.1","core",2,"na","na","cyt","7002_A2774","sll1682 "
"SYNPCC7002_C0011",-1.06371670479925,-0.559638106264402,-0.339761900357951,1.48799700040608,0.475119711015526,"7002_C0011","cyan9974",1,"na","hypothetical protein","na","na","Toxin-antitoxin","na","na","na","na","na","na","na","na","pAQ3",2,"na","na","cyt","7002_C0011","na "
"SYNPCC7002_F0007",-1.01813125498479,-0.449361125559885,0.0400319007737339,1.64675196062008,-0.219291480849142,"7002_F0007","cyan10036",1,"na","ATP-dependent nuclease, subunit B, AddB","addB","na","DNA repair","na","ATP","na","na","na","na","na","na","pAQ6",2,"na","na","cyt","7002_F0007","na "
"SYNPCC7002_F0021",-0.604851978707435,-0.380067775855011,-0.376762674654872,1.78099187192284,-0.419309442705522,"7002_F0021","cyan4736",4,"na","protein of unknown function DUF559","na","na","na","na","na","na","na","na","na","na","na","pAQ6",2,"na","na","cyt","7002_F0021","na "
"SYNPCC7002_G0018",-0.298164932321835,-0.0386087945755553,-0.758179576625282,1.71694435017281,-0.621991046650134,"7002_G0018","cyan10122",1,"na","synechobactin synthase SybL","sybL","na","Iron homeostasis - siderophore","na","na","na","na","S09","na","na","3.1.1.-","pAQ7",2,"na","na","cyt","7002_G0018","na "
"SYNPCC7002_G0019",-0.481878025065225,-0.186840080800138,-0.738394968736722,1.75181070995004,-0.344697635347954,"7002_G0019","cyan6130",2,"na","synechobactin core synthase type C group SybF","sybF","na","Iron homeostasis - siderophore","na","na","na","na","na","na","na","na","pAQ7",2,"na","na","cyt","7002_G0019","na "
"SYNPCC7002_G0020",-0.451876094393024,-0.241503762092538,-0.47278340585851,1.77345791666659,-0.607294654322513,"7002_G0020","cyan6131",2,"na","synechobactin transporter SybT","sybT","na","Iron homeostasis - siderophore","na","na","na","na","na","na","2.A.1","na","pAQ7",2,"Sec","na","IM 12 TM","7002_G0020","na "
"SYNPCC7002_G0021",-0.347841557152027,-0.0453689355284946,-0.722179234728814,1.7267453206415,-0.611355593232165,"7002_G0021","cyan6132",2,"na","1,3-diaminopropane monooxygenase, SybE","sybE","na","Iron homeostasis - siderophore","na","NADPH O2","na","na","na","na","na","na","pAQ7",2,"na","na","cyt","7002_G0021","na "
"SYNPCC7002_G0022",-0.593236659342291,-0.280276820807343,-0.557056307661591,1.77262553932832,-0.342055751517099,"7002_G0022","cyan6133",2,"na","N4-hydroxy-1-aminopropane O-acetyltransferase SybD","sybD","na","Iron homeostasis - siderophore","na","na","na","na","na","na","na","na","pAQ7",2,"na","na","cyt","7002_G0022","na "
"SYNPCC7002_G0023",-0.443405369318652,-0.420635386791289,-0.498550926795979,1.78799735407211,-0.425405671166186,"7002_G0023","cyan6134",2,"na","synechobactin core synthase type A group SybC","sybC","na","Iron homeostasis - siderophore","na","na","na","na","na","na","na","na","pAQ7",2,"na","na","cyt","7002_G0023","na "
"SYNPCC7002_G0024",-0.765897316455348,-0.480263827375392,-0.130572607931244,1.74145776445589,-0.36472401269391,"7002_G0024","cyan6135",2,"na","L-2,4-diaminobutyrate decarboxylase, SybB","sybB","na","Iron homeostasis - siderophore","na","na","na","na","na","na","na","4.1.1.86","pAQ7",2,"na","na","cyt","7002_G0024","na "
"SYNPCC7002_G0079",-0.438362540643287,-0.479973527630164,-0.389231862545357,1.78760390394938,-0.480035973130575,"7002_G0079","cyan7807",4,"na","ABC-type iron chelate uptake system permease component","na","na","Iron homeostasis - siderophore","Fur","ATP","na","na","na","na","3.A.1","na","pAQ7",2,"Sec","na","IM 8 TM","7002_G0079","na "
"SYNPCC7002_G0080",-0.365548997296365,-0.520916812060669,-0.477800169454002,1.78578958751185,-0.421523608700815,"7002_G0080","cyan7808",4,"na","ABC-type iron chelate uptake system ATPase component","na","na","Iron homeostasis - siderophore","Fur","ATP","na","na","na","na","3.A.1","na","pAQ7",2,"na","na","cyt-IM assoc","7002_G0080","na "
"SYNPCC7002_G0081",-0.441007313795405,-0.435794544000254,-0.449600195402799,1.78876402473123,-0.462361971532772,"7002_G0081","cyan7157",4,"na","TonB-dependent iron chelate receptor","na","na","Iron homeostasis - siderophore","na","na","na","na","na","na","1.B.14","na","pAQ7",2,"Sec Bam","LepB","OM","7002_G0081","na "
"SYNPCC7002_G0083",-0.433309429470456,-0.503831147946673,-0.368906320909532,1.78647525421932,-0.480428355892662,"7002_G0083","cyan8179",4,"na","ABC-type iron chelate uptake system substrate-binding component","na","na","Iron homeostasis - siderophore","na","na","FeIII-hydroxamate","na","na","na","na","na","pAQ7",2,"Sec","LspA","LP -IM","7002_G0083","na "
"SYNPCC7002_G0087",0.438225023595468,-0.633448018685709,-0.782801774710485,1.56503691823037,-0.587012148429648,"7002_G0087","cyan0013",5,"na","iron(III) dicitrate ABC transport system permease component FecD","fecD","na","Iron homeostasis - siderophore","Fur","na","FeIII-dicitrate","na","na","na","3.A.1.14","na","pAQ7",2,"Sec","na","IM 9 TM","7002_G0087","slr1317 "
"SYNPCC7002_G0088",0.355645852664334,-0.770183896524079,-0.601803348715731,1.60400157041044,-0.587660177834964,"7002_G0088","cyan0012",5,"na","iron(III) dicitrate ABC transport system permease component FecC","fecC","na","Iron homeostasis - siderophore","Fur","na","FeIII-dicitrate","na","na","na","3.A.1.14","na","pAQ7",2,"Sec","na","IM 8 TM","7002_G0088","slr1316 "
"SYNPCC7002_G0089",0.0620502901496869,-0.670532144519382,-0.617272640481852,1.71157507921274,-0.485820584361191,"7002_G0089","cyan0028",3,"na","periplasmic salt-induced MORN repeat-containing protein","na","na","Iron homeostasis - siderophore","Fur","na","na","na","na","na","na","na","pAQ7",2,"Sec","LepB","peri","7002_G0089","slr1485 "
"SYNPCC7002_G0090",0.543165494850162,-0.552657252114702,-0.857857128812405,1.50313115285554,-0.635782266778594,"7002_G0090","cyan0027",6,"na","outer membrane transport energizing sytem component TonB","tonB","na","Iron homeostasis - siderophore","Fur","na","na","na","na","na","na","na","pAQ7",2,"Sec","na","IM 1 TM","7002_G0090","slr1484 "
"SYNPCC7002_G0103",-0.80792593995484,-0.854884740912094,-0.339690338198553,1.49926309158221,0.50323792748328,"7002_G0103","cyan0024",3,"na","TonB-dependent ferrichrome receptor FhuA","fhuA","na","Iron homeostasis - siderophore","Fur","na","na","na","na","na","1.B.14","na","pAQ7",2,"Sec Bam","LepB","OM","7002_G0103","sll1406 "
"SYNPCC7002_G0104",0.0821500041597153,-0.589028643162162,-0.842764330624591,1.68112085494304,-0.331477885316002,"7002_G0104","cyan0030",4,"na","transcriptional regulator PchR","pchR","na","Iron homeostasis - siderophore","Fur","na","na","AraC","na","na","na","na","pAQ7",2,"na","na","cyt","7002_G0104","slr1489 "
"SYNPCC7002_G0117",-0.816419275974489,-0.77714993604813,0.371868726791912,1.57130199958844,-0.34960151435773,"7002_G0117","cyan1427",2,"na","conserved hypothetical membrane protein","na","na","na","na","na","na","na","na","na","na","na","pAQ7",2,"Sec","na","IM 5 TM","7002_G0117","sll0242 "
"SYNPCC7002_G0135",0.62426331447468,-0.613529217751965,-0.74112236889607,1.46471251552002,-0.734324243346664,"7002_G0135","cyan0019",3,"na","protein of unknown function DUF942 thioredoxin-like","na","na","na","na","na","na","na","na","na","na","na","pAQ7",2,"na","na","cyt","7002_G0135","sll1203 "
"SYNPCC7002_G0136",0.420299132781778,-0.642757779977249,-0.773695188212696,1.57405219602114,-0.577898360612971,"7002_G0136","cyan0025",8,"na","outer membrane transport energizing sytem membrane anchored component ExbD","exbD","na","Iron homeostasis - siderophore","Fur","na","na","na","na","na","1.A.30","na","pAQ7",2,"Sec","na","IM 1 TM","7002_G0136","sll1405 "
"SYNPCC7002_G0137",0.697323198322139,-0.57464306125468,-0.767606309469997,1.41478661404698,-0.76986044164444,"7002_G0137","cyan0026a",8,"na","outer membrane transport energizing sytem permease component ExbB","exbB","na","Iron homeostasis - siderophore","Fur","na","na","na","na","na","1.A.30","na","pAQ7",2,"Sec","na","IM 3 TM","7002_G0137","sll1404 "
"SYNPCC7002_G0138",0.0106596062480649,-0.609888537870548,-0.590489668009715,1.72877488816188,-0.539056288529688,"7002_G0138","cyan0016",3,"na","TonB-dependent hydroxamate siderophore receptor, SchT","schT","na","Iron homeostasis - siderophore","Fur","na","schizokinen, synechobactin","na","na","na","1.B.14","na","pAQ7",2,"Sec Bam","LepB","OM","7002_G0138","sll1206 "
"SYNPCC7002_G0139",-0.0210021143219864,-0.601374226698172,-0.524440826791153,1.73643802499011,-0.589620857178795,"7002_G0139","cyan0015",2,"na","ABC-type iron(III) dicitrate uptake system substrate-binding component FecB","fecB","na","Iron homeostasis - siderophore","Fur","na","FeIII-dicitrate","na","na","na","na","na","pAQ7",2,"Sec","LspA","LP -IM","7002_G0139","slr1319 "
"SYNPCC7002_G0156",1.05676782173467,-0.455030031222081,-0.196506085540118,0.927753209506446,-1.33298491447892,"7002_G0156","cyan3054",11,"na","protein of unknown function DUF427","na","na","na","na","na","na","na","na","na","na","na","core",2,"na","na","cyt","7002_G0156","slr0655 "
