"","LL_LO2","LL_HO2","HL_LO2","HL_HO2","HL_VHO2","Locus.tag","Ortholog.group","Genome.count.calc","Reference..PMID.","Curated.Product.Descriptor","Gene","Gene.Aliases","Functional.role","regulon","cofactor","substrate","Regulator.family","Merops.family","CAZY","TC.family","E.C.","evolution","Genome.count.calc.1","Loc.Sys","Loc.Cleave","protein.localization","X7002","X6803"
"SYNPCC7002_A0004",-0.986678086684922,-1.114303221379,0.303643214201759,1.09537106868651,0.701967025175649,"7002_A0004","cyan6943b",1,"na","conserved hypothetical with alkylhydroperoxidase AhpD family core domain","na","na","na","na","na","na","na","na","na","na","na","na",2,"na","na","cyt","7002_A0004","na "
"SYNPCC7002_A0036",-0.973897777717686,-1.01186447993673,0.209084788180331,0.437980250370361,1.33869721910372,"7002_A0036","cyan10474",1,"na","hypothetical protein","na","na","na","na","na","na","na","na","na","na","na","na",2,"na","na","cyt","7002_A0036","na "
"SYNPCC7002_A0057",-1.13020206935266,-0.788731630715978,0.68934754169728,-0.0445264956282942,1.27411265399966,"7002_A0057","cyan10475",1,"na","dioxygenase","na","na","na","na","na","na","na","na","na","na","na","na",2,"na","na","cyt","7002_A0057","na "
"SYNPCC7002_A0159",-1.10013837484945,-0.981332624103175,1.19244248059834,0.375315580377406,0.513712937976874,"7002_A0159","cyan1780",8,"na","omega-3 acyl-lipid desaturase, DesB","desB","na","Fatty acid biosynthesis","na","na","na","na","na","na","na","1.4.19.-","na",2,"Sec","na","IM 4 TM","7002_A0159","sll1441 "
"SYNPCC7002_A0171",-1.09051291406647,-1.0680163309408,0.984245698358645,0.509966056950293,0.664317489698328,"7002_A0171","cyan1391",11,"17307862 22221957","transcriptional regulator of carbon dixoide fixation CcmR","ccmR","rbcR ndhR cmpR","CO2 fixation","CcmR","na","na","LysR","na","na","na","na","core",2,"na","na","cyt","7002_A0171","sll1594 "
"SYNPCC7002_A0172",-1.0533770218424,-1.07914612448015,1.04663491647636,0.400081909236701,0.685806320609491,"7002_A0172","cyan0879",11,"na","proton-translocating NADH-quinone dehydrogenase subunit 5 NdhF","ndhF3","na","CO2 fixation: Respiratory Complex I","CcmR","na","na","na","na","na","3.D.1.8","1.6.5.3","core",2,"Sec","na","TM 16 TM","7002_A0172","sll1732 "
"SYNPCC7002_A0173",-1.09319523266644,-1.07919226156305,0.913453674935213,0.547572316041359,0.711361503252919,"7002_A0173","cyan0878a",11,"na","proton-translocating NADH-quinone dehydrogenase subunit D3 NdhD3","ndhD3","na","CO2 fixation: Respiratory Complex I","CcmR","na","na","na","na","na","3.D.1.8","1.6.5.3","core",2,"Sec","na","TM 14 TM","7002_A0173","sll1733 "
"SYNPCC7002_A0174",-1.0855546367447,-1.08572182963638,0.696451122643774,0.550089187227222,0.924736156510083,"7002_A0174","cyan0877",11,"na","high-affinity CO2 hydration protein CupA","cupA","cphX","CO2 fixation","Crp CcmR","na","na","na","na","na","na","na","core",2,"na","na","CS","7002_A0174","sll1734 "
"SYNPCC7002_A0175",-1.08650948088049,-1.04507076769766,0.340077587497573,0.83688461408244,0.95461804699814,"7002_A0175","cyan0876",11,"na","NDH-1 complex sensory subunit CupS","cupS","na","CO2 fixation: Respiratory Complex I","Crp CcmR","na","na","na","na","na","na","na","core",2,"na","na","CS","7002_A0175","sll1735 "
"SYNPCC7002_A0205",-0.825424755175303,-1.0308027489584,-0.189947276959725,1.27470623013133,0.7714685509621,"7002_A0205","cyan1654",6,"na","[NiFe] hydrogenase metallocenter assembly protein, HypC","hypC","na","maturatation:hydrogenase","na","na","na","na","na","na","na","na","na",2,"na","na","cyt","7002_A0205","ssl3580 "
"SYNPCC7002_A0250",-0.940959141752236,-1.05378315135983,0.266214038930603,1.33296557054247,0.395562683639001,"7002_A0250","cyan2784",11,"na","phosphoenolpyruvate synthase PpsA","ppsA","na","Pyruvate metabolism I: anaplerotic reactions, PEP","na","na","na","na","na","na","na","2.7.9.2","core",2,"na","na","cyt","7002_A0250","slr0301 "
"SYNPCC7002_A0282",-1.32351726850669,-0.666766382233121,0.228948487071717,0.564316161441245,1.19701900222684,"7002_A0282","cyan0987a",14,"na","glutaredoxin 3 GrxA","grxA","na","Glutathione:Redox cycle","na","na","na","na","na","na","na","na","core",2,"na","na","cyt","7002_A0282","ssr2061 "
"SYNPCC7002_A0307",-1.14609190550223,-1.02716113578066,0.882125269899743,0.744969349499985,0.546158421883168,"7002_A0307","cyan1917a",13,"na","dihydroneopterin aldolase FolB","folB","na","Cofactor folate synth from GTP","na","na","na","na","na","na","na","4.1.2.25","na",2,"na","na","cyt","7002_A0307","slr1626 "
"SYNPCC7002_A0316",-0.0417752208933609,-1.67275538756817,0.924499383708954,0.524186943871911,0.265844280880668,"7002_A0316","cyan2653",14,"na","phosphopantetheine adenylyltransferase CoaD","coaD","na","Cofactor pantothenate (B5) synth","na","na","na","na","na","na","na","2.7.7.3","core",2,"na","na","cyt","7002_A0316","slr0847 "
"SYNPCC7002_A0469",-1.04187958837886,-1.13725515633516,0.866122030018699,0.589539696429317,0.723473018265999,"7002_A0469","cyan2193",11,"na","protein containing domains DUF404 and DUF407","na","na","na","na","na","na","na","na","na","na","na","na",2,"na","na","cyt","7002_A0469","sll0335 "
"SYNPCC7002_A0470",-1.06482328473151,-1.05856225294894,0.340466563918729,1.03337462750878,0.749544346252929,"7002_A0470","cyan1488",7,"na","high-affinity low-flux HCO3-: Na+ symporter SbtA","sbtA","na","CO2 fixation - transport","CcmR","na","na","na","na","na","2.A.83.1","na","na",2,"Sec","na","IM 10 TM","7002_A0470","slr1512 "
"SYNPCC7002_A0639",-1.15296000033419,-0.933958625566187,0.472686345928843,1.17596517067535,0.438267109296187,"7002_A0639","cyan10566",1,"na","phycobilisome rod-core linker protein cpcG","cpcG","na","Phycobilisome - phycocyanin/phycoerythrocyanin","na","na","na","na","na","na","na","na","na",2,"na","na","cyt-TM assoc","7002_A0639","na "
"SYNPCC7002_A0640",-0.860422281610207,-1.04879698349546,-0.0983666173815537,1.26342908618825,0.744156796298967,"7002_A0640","cyan5687",5,"na","WD-40-like beta propeller repeat-containing protein","na","na","na","na","na","na","na","S09","na","na","na","na",2,"Sec","LspA","LP -IM","7002_A0640","na "
"SYNPCC7002_A0801",-1.00552447508649,-1.06901029838457,0.292083282984849,0.597748139809345,1.18470335067687,"7002_A0801","cyan2879",9,"na","protein of unknown function DUF2997","na","na","na","na","na","na","na","na","na","na","na","na",2,"na","na","cyt","7002_A0801","ssl1263 "
"SYNPCC7002_A0827",0.199103063122485,-1.53018851397553,0.897473527228408,-0.382949279816332,0.816561203440967,"7002_A0827","cyan0565",11,"na","competence protein ComEc","comEc","na","Genome evolution - DNA uptake","na","na","na","na","na","na","3.A.11","na","core",2,"Sec","na","IM 9 TM","7002_A0827","sll1929 "
"SYNPCC7002_A1181",-1.23626549901787,-0.715422664968242,0.312117485542688,0.310715257209107,1.32885542123431,"7002_A1181","cyan2195",11,"12384281","ATPase AAA family Ycf46 family","na","na","Stress response","na","ATP","na","na","na","na","na","3.6.3.-","core",2,"na","na","cyt","7002_A1181","slr0374 "
"SYNPCC7002_A1182",-1.15885919860438,-0.917878025641672,0.761333558908672,0.227717473335637,1.08768619200174,"7002_A1182","cyan2194",11,"na","hypothetical protein","na","na","Stress response","na","na","na","na","na","na","na","na","core",2,"na","na","cyt","7002_A1182","slr0373 "
"SYNPCC7002_A1192",0.714901351917666,-1.70998901262742,0.493815101845856,0.563176828620195,-0.061904269756297,"7002_A1192","cyan2162",14,"na","bifunctional uroporphyrin-III synthase / uroporphyrin-III methyltransferase CysGHemD","cysG hemD","na","Prosthetic group heme synth","na","na","na","na","na","na","na","4.2.1.75 2.1.1.107","core",2,"na","na","cyt","7002_A1192","sll0166 "
"SYNPCC7002_A1321",-1.02293615341005,-0.961470259804215,0.644926513253202,0.0713491258271647,1.2681307741339,"7002_A1321","cyan0159c",14,"19390625 12054744 12573219","NAD(P)H:oxygen oxidoreductase Flv3","flv3","na","Oxygen and nitric oxide detoxification:photosystem I","na","FMN","na","na","na","na","na","na","core",2,"na","na","cyt","7002_A1321","sll0550 "
"SYNPCC7002_A1418",-1.2453721777837,-0.845944719961729,1.12319090245624,0.524274282337672,0.443851712951517,"7002_A1418","cyan0008a",11,"na","photosystem II protein D1 PsbA","psbA","psbA2","Photosystem II","na","na","na","na","na","na","3.E.2.2","na","core",2,"Sec","na","TM 6 TM","7002_A1418","slr1311 "
"SYNPCC7002_A1460",-1.0142669439357,-1.05843351868268,0.175625477352373,0.846827132265732,1.05024785300027,"7002_A1460","cyan8217",4,"na","transaldolase, TalA","talA","na","Pentose phosphate pathway | Cofactor biosynth:Folate","na","na","na","na","na","na","na","2.2.1.2","na",2,"na","na","cyt","7002_A1460","na "
"SYNPCC7002_A1462",-1.37631809671874,-0.567937183430895,0.230450706831577,1.21851344956676,0.4952911237513,"7002_A1462","cyan2340",7,"na","DedA family protein","na","na","na","na","na","na","na","na","na","na","na","na",2,"Sec","na","IM 5 TM","7002_A1462","slr0232 "
"SYNPCC7002_A1562",0.0275197851241723,-1.29283913120672,1.46763772716985,0.175772913384546,-0.378091294471852,"7002_A1562","cyan0294a",14,"na","prolipoprotein diacylglyceryl transferase Lgt","lgt","na","Lipoprotein biosynthesis","na","na","na","na","na","na","na","2.4.99.-","core",2,"Sec","na","IM 7 TM","7002_A1562","sll1187 "
"SYNPCC7002_A1712",-1.41840531521938,-0.691547624503895,0.799961548248454,0.732167721936398,0.577823669538419,"7002_A1712","cyan10777",2,"na","hypothetical protein","na","na","na","na","na","na","na","na","na","na","na","na",2,"na","na","cyt","7002_A1712","na "
"SYNPCC7002_A1732",-1.13017209273417,-1.03002955720805,0.456615605949835,0.819008606164157,0.884577437828231,"7002_A1732","cyan2289",3,"na","tRNA threonylcarbamoyladenosine biosynthesis protein","na","na","tRNA modification","NtcB","na","na","na","na","na","na","na","na",2,"na","na","cyt-IM assoc","7002_A1732","slr0006 "
"SYNPCC7002_A1793",-0.8991955448934,-0.929697080976842,1.50856052430969,0.165142320285261,0.155189781275291,"7002_A1793","cyan2730",2,"na","major facilitator transporter","na","na","Transport","na","na","na","na","na","na","na","na","na",2,"Sec","na","IM 12 TM","7002_A1793","slr0616 "
"SYNPCC7002_A1796",-0.695439687668297,-0.371875909137728,1.76795870114321,-0.291399568821184,-0.409243535516005,"7002_A1796","cyan2294",14,"na","ribulose bisphosphate carboxylase small subunit RbcS","rbcS","na","Calvin-Benson cycle","na","na","na","na","na","na","na","4.1.1.39","core",2,"na","na","CL","7002_A1796","slr0012 "
"SYNPCC7002_A1861",0.690256144058352,-1.72750480678259,0.229824313143094,0.120439035336117,0.68698531424503,"7002_A1861","cyan4996",7,"na","cyclic nucleotide-binding protein","na","na","Sensory transduction","na","na","na","na","na","na","na","na","na",2,"na","na","cyt","7002_A1861","na "
"SYNPCC7002_A1866",-1.57061833712275,-0.287814188519297,0.886695878355224,0.795670999106737,0.17606564818009,"7002_A1866","cyan10811",1,"na","bacteriophage conserved hypothetical protein","na","na","bacteriophage functions","na","na","na","na","na","na","na","na","na",2,"Sec","na","IM 2 TM","7002_A1866","na "
"SYNPCC7002_A1942",-1.55596699423689,-0.33561276973065,0.361339581875515,0.477938109747884,1.05230207234414,NA,NA,NA,NA,NA,NA,NA,NA,NA,NA,NA,NA,NA,NA,NA,NA,NA,NA,NA,NA,NA,NA,NA
"SYNPCC7002_A1952",-0.925765277551447,-0.724370477480543,1.51954653717085,0.453042988486165,-0.322453770625028,"7002_A1952","cyan0372",8,"na","protein of unknown function COG4222 family","na","na","na","na","na","na","na","na","na","na","na","na",2,"Sec Bam","LepB","OM","7002_A1952","slr1087 "
"SYNPCC7002_A1953",-0.778846707962928,-0.929220922068453,1.58306494857398,0.152052490627151,-0.0270498091697451,"7002_A1953","cyan4627",11,"na","CbbY family protein","na","na","na","na","na","na","na","na","na","na","na","na",2,"na","na","cyt","7002_A1953","na "
"SYNPCC7002_A1973",-1.07292349407505,-0.946654271123456,1.30153811243291,0.380102250795184,0.337937401970422,"7002_A1973","cyan0270b",3,"na","NADH dehydrogenase, subunit NdhD family","na","ndhD2","NDH-1 complex","PedR","na","na","na","na","na","na","1.6.5.3","na",2,"Sec","na","TM 14 TM","7002_A1973","na "
"SYNPCC7002_A2080",-0.992504713907539,-1.03333833758323,0.0553237078761013,0.949118846421819,1.02140049719285,"7002_A2080","cyan2645",14,"22683692","hypothetical chloroplast protein family YCF34","ycf34","na","na","na","na","na","na","na","na","na","na","core",2,"Sec","na","TM-assoc","7002_A2080","ssr1425 "
"SYNPCC7002_A2111",-0.858965382320693,-0.879417866672174,-0.402563003265127,1.2026099654771,0.93833628678089,"7002_A2111","cyan1256",8,"17575449","group 3 RNA polymerase sigma-70 subunit SigH","sigH","na","RNA polymerase","na","na","na","na","na","na","na","na","na",2,"na","na","cyt","7002_A2111","sll0856 "
"SYNPCC7002_A2152",-1.15792270337908,-0.857696474992459,0.46096333343992,0.276026028933217,1.2786298159984,"7002_A2152","cyan1857",14,"21368150","ferredoxin (2Fe-2S)","na","na","Photosystem II (redox regulation hydrogenase? Assembly?)","na","2Fe-2S","na","na","na","na","na","na","core",2,"na","na","cyt","7002_A2152","ssl3044 "
"SYNPCC7002_A2195",0.806445264396461,-1.65039384941493,0.453748344716807,0.609726761387814,-0.219526521086158,"7002_A2195","cyan3006",14,"na","FMN-dependent dihydroorotate dehydrogenase PyrD","pyrD","na","De Novo Pyrimidine Synthesis","na","FMN","na","na","na","na","na","1.3.98.1","core",2,"na","na","cyt","7002_A2195","slr1418 "
"SYNPCC7002_A2200",-1.1756052490123,-0.882128200496511,1.10221441399253,0.187572329590206,0.767946705926081,"7002_A2200","cyan1946",7,"15686550","carotenoid oxygenase-like protein Diox2","diox2","syc1 SynDiox2","Carotenoid conversion (APCO clade)","na","na","na","na","na","na","na","na","na",2,"na","na","cyt","7002_A2200","slr1648 "
"SYNPCC7002_A2248",-1.11006882209131,-0.989465161539757,0.938075526706291,0.238510484868768,0.922947972056007,"7002_A2248","cyan2587",10,"na","protein of unknown function DUF2811","na","na","na","na","na","na","na","na","na","na","na","na",2,"na","na","cyt","7002_A2248","slr0921 "
"SYNPCC7002_A2255",-1.2422441932789,-0.284343212914805,1.28853175891817,0.705256858313417,-0.467201211037888,"7002_A2255","cyan2416",14,"na","excinuclease ABC subunit B UvrB","uvrB","na","DNA Repair","na","na","na","na","na","na","na","na","core",2,"na","na","cyt","7002_A2255","sll0459 "
"SYNPCC7002_A2258",0.0149055539377405,-1.69870952518566,0.387410233498236,0.896952494788955,0.399441242960734,"7002_A2258","cyan10908",1,"na","pentapeptide repeat-containing protein","na","na","rfr","na","na","na","na","na","na","na","na","na",2,"na","na","extra","7002_A2258","na "
"SYNPCC7002_A2262",-1.32749380693986,-0.488792316672115,0.503234772434046,1.32118540134975,-0.0081340501718222,"7002_A2262","cyan2150",11,"na","recombinase family protein","na","na","na","na","na","na","na","na","na","na","na","core",2,"na","na","cyt","7002_A2262","sll0177 "
"SYNPCC7002_A2287",-0.896766843102886,-0.874078934164268,-0.326053524050761,1.30043279045391,0.796466510864009,"7002_A2287","cyan10919",1,"na","hypothetical protein","na","na","na","na","na","na","na","na","na","na","na","na",2,"Sec","na","IM 1 TM","7002_A2287","na "
"SYNPCC7002_A2320",-1.09718470645287,-0.933813424096887,0.6199646268072,1.22720358133326,0.183829922409291,"7002_A2320","cyan10935",3,"na","protein of unknown function DUF411","na","na","na","na","na","na","na","na","na","na","na","na",2,"Sec","LepB","peri","7002_A2320","na "
"SYNPCC7002_A2357",-1.00601170593848,-0.95911033692316,0.733909569380934,1.23668693828635,-0.0054744648056449,"7002_A2357","cyan2181",14,"na","16S rRNA pseudouridylate 516 synthase RsuA","rsuA","yejD","rRNA modification - 16S","na","na","na","na","na","na","na","5.4.99.19","core",2,"na","na","cyt","7002_A2357","slr0361 "
"SYNPCC7002_A2369",-1.09802229610049,-0.842052134084767,-0.0251970256159221,1.25968662859952,0.705584827201656,"7002_A2369","cyan1826",4,"na","putative periplasmic protein","na","na","na","na","na","na","na","na","na","na","na","na",2,"Sec","LepB","peri","7002_A2369","sll1086 "
"SYNPCC7002_A2371",-0.929956455997791,-0.94333181893443,-0.216940082778185,0.96230181223732,1.12792654547309,"7002_A2371","cyan2684b",13,"15596724","medium affinity high-flux Na+/bicarbonate symporter BicA","bicA","na","Transport symport (SulP):HCO3","CcmR","na","na","na","na","na","2.A.53.3","na","na",2,"Sec","na","IM 11 TM","7002_A2371","sll0834 "
"SYNPCC7002_A2372",-0.930055440065991,-0.936549174610297,-0.231921883298141,1.01626301688605,1.08226348108837,"7002_A2372","cyan2439b",4,"na","Na+/H+ antiporter NapA","napA","nhaS","Transport antiport:Na:H","CcmR","na","na","na","na","na","2.A.37.2","na","paralog to core",2,"Sec","na","IM 11 TM","7002_A2372","na "
"SYNPCC7002_A2373",-0.89934917739647,-0.907755791446952,-0.315696134424488,1.1460887116757,0.976712391592208,"7002_A2373","cyan0690b",11,"na","Na+/H+ antiporter complex subunit C MrpC","mrpC","mnhC","Transport antiport:Na:H","CcmR","na","na","na","na","na","2.A.63.2","na","core",2,"Sec","na","IM 3 TM","7002_A2373","slr2008 "
"SYNPCC7002_A2374",-0.871633747802151,-0.881695017565626,-0.39129025303169,1.14324989450451,1.00136912389496,"7002_A2374","cyan0693a",11,"na","Na+/H+ antiporter complex subunit D MrpD","MrpD","mnhD","Transport antiport:Na:H","CcmR","na","na","na","na","na","2.A.63.2","na","core",2,"Sec","na","IM 13 TM","7002_A2374","slr2009 "
"SYNPCC7002_A2375",-0.925559607163864,-0.927667958562052,-0.206593859579076,1.27348657081117,0.786334854493821,"7002_A2375","cyan0693b",1,"na","Na+/H+ antiporter complex subunit D2 MrpD2","mrpD2","mnhD","Transport antiport:Na:H","CcmR","na","na","na","na","na","2.A.63.2","na","na",2,"Sec","na","IM 16 TM","7002_A2375","na "
"SYNPCC7002_A2379",-0.903074586233957,-0.867127379592778,-0.369123650335198,1.13265917320956,1.00666644295238,"7002_A2379","cyan0697",11,"na","Na+/H+ antiporter complex subunit A MrpA","mrpA","na","Transport antiport:Na:H","CcmR","na","na","na","na","na","2.A.63.2","na","core",2,"Sec","na","IM 3 TM","7002_A2379","slr2011 "
"SYNPCC7002_A2380",-0.778176507082369,-0.936269421804684,-0.396124863013168,1.31381146108692,0.796759330813301,"7002_A2380","cyan0698",11,"na","Na+/H+ antiporter complex subunit B MrpB","mrpB","mnhB","Transport antiport:Na:H","CcmR","na","na","na","na","na","2.A.63.2","na","core",2,"Sec","na","IM 6 TM","7002_A2380","slr2012 "
"SYNPCC7002_A2395",-1.06068573501176,-0.8820498603037,-0.0152432496684031,0.679105378136313,1.27887346684755,"7002_A2395","cyan4656",11,"na","protein of unknown function DUF1830","na","na","Nitrogen assimilation","NtcA","na","na","na","na","na","na","na","core",2,"na","na","cyt","7002_A2395","sll0944 "
"SYNPCC7002_A2454",-1.56221303512739,-0.0613314920865899,0.780658038091156,-0.122189486125063,0.965075975247887,"7002_A2454","cyan8335",4,"na","hypothetical protein","na","na","AA synth - Arg","na","na","na","na","na","na","na","na","na",2,"na","na","cyt","7002_A2454","na "
"SYNPCC7002_A2486",0.763040781615739,-1.49003784888819,0.657525778048203,-0.582841352879193,0.652312642103437,"7002_A2486","cyan10191",1,"na","toxin-antitoxin system antidote CopG family","na","na","Toxin-antitoxin","na","na","na","na","na","na","na","na","pCC7120epsilon",2,"na","na","cyt","7002_A2486","na "
"SYNPCC7002_A2491",-0.969676553240867,-0.763001989676216,1.50886000190979,-0.184611783413721,0.408430324421017,"7002_A2491","cyan1164",10,"na","HD domain-containing protein","na","na","Cofactor NAD synth","na","na","na","na","na","na","na","na","na",2,"na","na","cyt","7002_A2491","slr1885 "
"SYNPCC7002_A2492",-0.824057379294342,-0.813162521779698,1.60204347461108,-0.197509629354316,0.232686055817274,"7002_A2492","cyan0158",7,"na","phosphate starvation-inducible membrane protein, PsiE family","na","na","Phosphate homeostasis","na","na","na","na","na","na","na","na","na",2,"Sec","na","IM 4 TM","7002_A2492","sll0218 "
"SYNPCC7002_A2493",-0.820963406250457,-0.804120345534849,1.61711551389983,-0.175341316776168,0.183309554661643,"7002_A2493","cyan4610b",4,"na","Mo-dependent nitrogenase C-terminal domain protein","na","na","na","na","na","na","na","na","na","na","na","na",2,"na","na","cyt","7002_A2493","na "
"SYNPCC7002_A2494",-1.03360781594522,-0.927025533106731,-0.0692800608276153,0.954937578186581,1.07497583169298,"7002_A2494","cyan1177",11,"na","cytoplasmic Zn-dependent proteinase Prp1","prp1","pqqL","Proteolysis","na","Zn","na","na","M16","na","na","na","check",2,"na","na","cyt","7002_A2494","sll2008 "
"SYNPCC7002_A2541",-1.14811131741875,-0.913674880811157,0.860061754729635,0.161964982075476,1.03975946142479,"7002_A2541","cyan1406",14,"na","proton-translocating NADH-quinone dehydrogenase subunit H NdhH","ndhH","na","CO2 fixation: Respiratory Complex I","na","na","na","na","na","na","na","1.6.5.3","core",2,"na","na","cyt-TM assoc","7002_A2541","slr0261 "
"SYNPCC7002_A2615",-1.43433233651808,-0.120925794244119,0.720465855412869,1.14559857532431,-0.31080629997498,"7002_A2615","cyan10982",1,"na","hypothetical protein","na","na","na","na","na","na","na","na","na","na","na","na",2,"Sec","LepB","peri","7002_A2615","na "
"SYNPCC7002_A2628",-0.917422109872221,-1.16367417283253,0.612402463864031,0.315639644554478,1.15305417428624,"7002_A2628","cyan10985",1,"na","RND type export system, permease component, hydrophobe/amphiphile (HAE1) family, Rnd2b","rnd2b","na","Transport RND|export","na","na","na","na","na","na","2.A.6","na","na",2,"Sec","na","IM 12 TM","7002_A2628","na "
"SYNPCC7002_A2738",-1.26665258264138,-0.549294957641601,-0.0396491066989123,1.35830661295248,0.497290034029414,"7002_A2738","cyan11022",6,"na","mechanosensitive ion channel family protein","na","na","Transport","na","na","na","na","na","na","na","na","na",2,"Sec","na","IM 6 TM","7002_A2738","na "
"SYNPCC7002_A2748",-0.99896356978796,-0.954206114310583,1.38909406768518,0.2440279525467,0.320047663866667,"7002_A2748","cyan1760",14,"na","proton-translocating NADH-quinone dehydrogenase subunit 3 NdhC","ndhC","na","CO2 fixation: Respiratory Complex I","na","na","na","na","na","na","na","1.6.5.3","core",2,"Sec","na","TM 3 TM","7002_A2748","slr1279 "
"SYNPCC7002_A2749",-1.03328489656301,-0.841766110214743,1.45837305021383,0.279366877362461,0.137311079201462,"7002_A2749","cyan1761",14,"na","proton-translocating NADH-quinone dehydrogenase subunit B NadhK","ndhK","na","CO2 fixation: Respiratory Complex I","na","Fe-S","na","na","na","na","na","1.6.5.3","core",2,"Sec","na","TM 1 TM","7002_A2749","slr1280 "
"SYNPCC7002_A2750",-1.01414965250446,-1.06720660972442,1.11541282683369,0.236089762070077,0.729853673325111,"7002_A2750","cyan1762",14,"na","proton-translocating NADH-quinone dehydrogenase subunit J NdhJ","ndhJ","na","CO2 fixation: Respiratory Complex I","na","Fe-S","na","na","na","na","na","1.6.5.3","core",2,"na","na","cyt-TM assoc","7002_A2750","slr1281 "
"SYNPCC7002_A2760",-1.0682117601867,-0.825908720702704,0.571544180309888,-0.0371141818199937,1.3596904823995,"7002_A2760","cyan11027",3,"na","anti-ECFsigma factor, ChrR","chrR","na","Regulation:signal relay","na","na","na","na","na","na","na","na","na",2,"na","na","cyt","7002_A2760","na "
"SYNPCC7002_A2770",-0.820817193801105,-0.994248502888189,0.269553625659148,1.50445478189542,0.0410572891347276,"7002_A2770","cyan1452",11,"16453101","TPP-dependent 2-oxoglutarate decarboxylase Kgd","kgd","ilvB","TCA Cycle","na","TPP","na","na","na","na","na","5.5.1.4 2.2.1.6","core",2,"na","na","cyt","7002_A2770","sll1981 "
"SYNPCC7002_A2771",-0.981738938398368,-1.04654556328698,0.205040393373166,1.25570048898937,0.567543619322813,"7002_A2771","cyan2190",10,"na","succinate-semialdehyde dehydrogenase (NADP+) YneI","yneI","gabD","TCA Cycle","na","na","na","na","na","na","na","1.2.1.16 1.2.1.24","check",2,"na","na","cyt","7002_A2771","slr0370 "
"SYNPCC7002_A2822",-0.130657865108431,-1.67980058775703,0.389614091645732,0.71032772805268,0.710516633167048,NA,NA,NA,NA,NA,NA,NA,NA,NA,NA,NA,NA,NA,NA,NA,NA,NA,NA,NA,NA,NA,NA,NA
"SYNPCC7002_D0010",-0.902705679858973,-0.873949493261202,1.30728180716289,-0.314036078124233,0.783409444081513,"7002_D0010","cyan4071a",6,"19822009 22389488     20558748","dimeric metallochaperone","yciC","cobW","Nitrogen assimilation - aliphatic nitriles","Zur","na","Co, Zn","na","na","na","na","na","pAQ4",2,"na","na","cyt","7002_D0010","na "
"SYNPCC7002_D0029",-0.965654897540288,-1.10673008890097,1.09051736135626,0.783678579501071,0.19818904558392,NA,NA,NA,NA,NA,NA,NA,NA,NA,NA,NA,NA,NA,NA,NA,NA,NA,NA,NA,NA,NA,NA,NA
"SYNPCC7002_F0078",-0.976719149190754,-0.679869734294145,0.795293402654728,-0.458281474719484,1.31957695554966,"7002_F0078","cyan9088",2,"na","conserved hypothetical protein","na","na","na","na","na","na","na","na","na","na","na","pAQ6 pCC7120alpha",2,"Sec Bam","LepB","OM","7002_F0078","na "
"SYNPCC7002_G0010",-1.00850522100259,-0.996235360111186,0.0583594209474646,0.757753008921412,1.1886281512449,"7002_G0010","cyan10116",1,"na","uncharacterized periplasmic protein","na","na","na","na","na","na","na","na","na","na","na","pAQ7",2,"Sec","LepB","peri","7002_G0010","na "
"SYNPCC7002_G0011",-1.01921248112136,-1.00279790381368,0.0454067777200177,0.993760601218019,0.982843005997001,"7002_G0011","cyan0895",3,"na","low-CO2 inducible bicarbonate porin PorB","porB","na","CO2 fixation","CcmR","na","na","na","na","na","1.B.23","na","pAQ7",2,"Sec Bam","LepB","OM","7002_G0011","slr0042 "
"SYNPCC7002_G0040",-1.42465250203993,-0.52826163327269,1.08629777065744,0.172779789475642,0.693836575179533,"7002_G0040","cyan10131",1,"na","conserved pRiA4b ORF-3-like domain protein","na","na","na","na","na","na","na","na","na","na","na","pAQ7",2,"na","na","cyt","7002_G0040","na "
"SYNPCC7002_G0075",-1.05780386165524,-0.906632134094463,-0.0416766663135765,1.15320328027517,0.852909381788108,"7002_G0075","cyan3301",7,"na","sulfide quinone reductase Sqr","sqr","na","Sulfur metabolism","na","FAD","na","na","na","na","na","1.8.5.4","pAQ7 pSYSM",2,"na","na","cyt","7002_G0075","sll5036 "
"SYNPCC7002_G0092",-1.05114378004422,-0.761817565483185,-0.268839343327741,1.23520565060298,0.846595038252172,NA,NA,NA,NA,NA,NA,NA,NA,NA,NA,NA,NA,NA,NA,NA,NA,NA,NA,NA,NA,NA,NA,NA
"SYNPCC7002_G0164",-0.917440309507807,-0.976242217801366,-0.181663340098499,1.13442676270738,0.940919104700294,"7002_G0164","cyan3074",8,"na","fermentative lactate dehydrogenase LdhA","ldhA","na","Fermentations: Lactate","na","na","na","na","na","na","na","1.1.1.28","pAQ7",2,"na","na","cyt","7002_G0164","slr1556 "
