"","LL_LO2","HL_HO2","HL_LO2","HL_VHO2","LL_HO2","Locus.tag","Ortholog.group","Genome.count.calc","Reference..PMID.","Curated.Product.Descriptor","Gene","Gene.Aliases","Functional.role","regulon","cofactor","substrate","Regulator.family","Merops.family","CAZY","TC.family","E.C.","evolution","Genome.count.calc.1","Loc.Sys","Loc.Cleave","protein.localization","X7002","X6803"
"SYNPCC7002_A0871",0.37587005647929,1.58589439645768,-0.854372696858712,-0.570274600452524,-0.537117155625732,"7002_A0871","cyan1688",14,"11292796","ABC-type FeII uptake system ATPase component FutC","futC","na","Iron homeostasis","Fur","ATP","na","na","na","na","3.A.1.10","3.6.3.29","core",2,"na","na","cyt-IM assoc","7002_A0871","sll1878 "
"SYNPCC7002_A0898",1.13587844122495,0.646504498206204,0.0363232751907234,-0.345151648305903,-1.47355456631597,"7002_A0898","cyan1045",11,"na","cobalt precorrin-6Y C15-methyltransferase (decarboxylating) CbiT","cobL","cbiT","Cofactor B12 synth: aerobic?","na","na","na","na","na","na","na","2.1.1.-","core",2,"na","na","cyt","7002_A0898","slr1368 "
"SYNPCC7002_A1006",1.13687269108924,0.934148268286401,-0.218314863548629,-0.73798349263788,-1.11472260318913,"7002_A1006","cyan2373",14,"na","formyltetrahydrofolate deformylase PurU","purU","na","na","na","na","na","na","na","na","na","3.5.1.10","core",2,"na","na","cyt","7002_A1006","sll0070 "
"SYNPCC7002_A1192",0.714901351917666,0.563176828620195,0.493815101845856,-0.061904269756297,-1.70998901262742,"7002_A1192","cyan2162",14,"na","bifunctional uroporphyrin-III synthase / uroporphyrin-III methyltransferase CysGHemD","cysG hemD","na","Prosthetic group heme synth","na","na","na","na","na","na","na","4.2.1.75 2.1.1.107","core",2,"na","na","cyt","7002_A1192","sll0166 "
"SYNPCC7002_A1700",0.951197099614137,0.671785933621615,-0.921373895061823,0.529215371365471,-1.2308245095394,"7002_A1700","cyan2420",11,"na","hypothetical protein","na","na","na","na","na","na","na","na","na","na","na","core",2,"na","na","cyt","7002_A1700","slr0479 "
"SYNPCC7002_A1777",-0.115155580095279,1.46722718793585,0.309294541805655,-0.407450446019016,-1.25391570362721,"7002_A1777","cyan10795",1,"na","CRISPR-associated endonuclease Cas1","cas1","na","CRISPRs","na","na","na","na","na","na","na","na","na",2,"na","na","cyt","7002_A1777","na "
"SYNPCC7002_A1839",0.829762163560561,0.885824296365069,0.409570321624397,-0.837949200270888,-1.28720758127914,"7002_A1839","cyan7977",2,"na","hypothetical protein","na","na","na","na","na","na","na","na","na","na","na","na",2,"Sec","na","IM 1 TM","7002_A1839","na "
"SYNPCC7002_A1861",0.690256144058352,0.120439035336117,0.229824313143094,0.68698531424503,-1.72750480678259,"7002_A1861","cyan4996",7,"na","cyclic nucleotide-binding protein","na","na","Sensory transduction","na","na","na","na","na","na","na","na","na",2,"na","na","cyt","7002_A1861","na "
"SYNPCC7002_A2098",0.225615267151355,0.830624054277075,0.759462134060636,-1.62687534863037,-0.188826106858693,"7002_A2098","cyan7385",6,"na","branched-chain amino acid transport system permease protein LivM","livM","na","Transport|ILV","na","na","na","na","na","na","3.A.1.4","na","na",2,"Sec","na","IM 8 TM","7002_A2098","na "
"SYNPCC7002_A2147",1.467060211722,0.140783243875248,-0.432850705275178,0.101796994426339,-1.27678974474841,"7002_A2147","cyan0859",14,"na","chorismate synthase AroC","aroC","na","Chorismate synthesis from D-erythrose 4-phosphate","na","na","na","na","na","na","na","4.2.3.5","core",2,"na","na","cyt","7002_A2147","sll1747 "
"SYNPCC7002_A2195",0.806445264396461,0.609726761387814,0.453748344716807,-0.219526521086158,-1.65039384941493,"7002_A2195","cyan3006",14,"na","FMN-dependent dihydroorotate dehydrogenase PyrD","pyrD","na","De Novo Pyrimidine Synthesis","na","FMN","na","na","na","na","na","1.3.98.1","core",2,"na","na","cyt","7002_A2195","slr1418 "
"SYNPCC7002_A2258",0.0149055539377405,0.896952494788955,0.387410233498236,0.399441242960734,-1.69870952518566,"7002_A2258","cyan10908",1,"na","pentapeptide repeat-containing protein","na","na","rfr","na","na","na","na","na","na","na","na","na",2,"na","na","extra","7002_A2258","na "
"SYNPCC7002_A2507",0.496389747237349,1.53874578215106,-0.732574495066974,-0.672024454360258,-0.630536579961175,"7002_A2507","cyan0274a",14,"11292796 Collart","ABC-type FeII uptake system substrate-binding component FutA","futA","futA1","Iron homeostasis","na","na","FeIII","na","na","na","3.A.1.10","na","core",2,"TAT","LepB","peri","7002_A2507","slr1295 "
"SYNPCC7002_A2575",1.31112399799845,-0.0660483702323093,-0.489674889812518,0.558113405098694,-1.31351414305232,"7002_A2575","cyan10972",1,"na","two component signal transduction system, histidine kinase with GAF domain","na","na","Sensory transduction","na","na","na","na","na","na","na","2.7.13.3","na",2,"na","na","cyt-IM assoc","7002_A2575","na "
"SYNPCC7002_A2659",0.478284799952837,1.54017212532735,-0.615140933157481,-0.567368718791716,-0.835947273330986,"7002_A2659","cyan4352",5,"na","conserved hypothetical lipoprotein","na","na","na","na","na","na","na","na","na","na","na","na",2,"Sec","LspA","LP -IM","7002_A2659","na "
"SYNPCC7002_A2662",0.803788419684046,1.24141468578783,-1.1032075685574,-0.195254210793223,-0.746741326121252,"7002_A2662","cyan0979",2,"na","bacterioferritin-associated ferredoxin, Bfd","bfd","na","Iron trafficking","na","na","na","na","na","na","na","na","na",2,"na","na","cyt","7002_A2662","ssl2250 "
"SYNPCC7002_A2723",1.45118567729031,0.536303061104535,-1.0129895347705,-0.257611832498655,-0.716887371125686,NA,NA,NA,NA,NA,NA,NA,NA,NA,NA,NA,NA,NA,NA,NA,NA,NA,NA,NA,NA,NA,NA,NA
"SYNPCC7002_A2744",0.621097417159303,1.25693910785046,0.0570268550281895,-0.685702953923989,-1.24936042611396,"7002_A2744","cyan0420",5,"na","bifunctional NADH dehydrogenase-like protein / selenide, water dikinase, SelD","selD","na","Selenouridine utilization","na","FAD","na","na","na","na","na","2.7.9.3","na",2,"na","na","cyt","7002_A2744","slr1591 "
"SYNPCC7002_A2763",0.876444040897508,0.938163195651595,-0.473661822523242,0.113195857395997,-1.45414127142186,"7002_A2763","cyan0627",9,"na","dienelactone hydrolase family protein","na","na","na","na","na","na","na","S09","na","na","na","na",2,"na","na","cyt","7002_A2763","sll1298 "
"SYNPCC7002_G0087",0.438225023595468,1.56503691823037,-0.782801774710485,-0.587012148429648,-0.633448018685709,"7002_G0087","cyan0013",5,"na","iron(III) dicitrate ABC transport system permease component FecD","fecD","na","Iron homeostasis - siderophore","Fur","na","FeIII-dicitrate","na","na","na","3.A.1.14","na","pAQ7",2,"Sec","na","IM 9 TM","7002_G0087","slr1317 "
"SYNPCC7002_G0088",0.355645852664334,1.60400157041044,-0.601803348715731,-0.587660177834964,-0.770183896524079,"7002_G0088","cyan0012",5,"na","iron(III) dicitrate ABC transport system permease component FecC","fecC","na","Iron homeostasis - siderophore","Fur","na","FeIII-dicitrate","na","na","na","3.A.1.14","na","pAQ7",2,"Sec","na","IM 8 TM","7002_G0088","slr1316 "
"SYNPCC7002_G0090",0.543165494850162,1.50313115285554,-0.857857128812405,-0.635782266778594,-0.552657252114702,"7002_G0090","cyan0027",6,"na","outer membrane transport energizing sytem component TonB","tonB","na","Iron homeostasis - siderophore","Fur","na","na","na","na","na","na","na","pAQ7",2,"Sec","na","IM 1 TM","7002_G0090","slr1484 "
"SYNPCC7002_G0135",0.62426331447468,1.46471251552002,-0.74112236889607,-0.734324243346664,-0.613529217751965,"7002_G0135","cyan0019",3,"na","protein of unknown function DUF942 thioredoxin-like","na","na","na","na","na","na","na","na","na","na","na","pAQ7",2,"na","na","cyt","7002_G0135","sll1203 "
"SYNPCC7002_G0136",0.420299132781778,1.57405219602114,-0.773695188212696,-0.577898360612971,-0.642757779977249,"7002_G0136","cyan0025",8,"na","outer membrane transport energizing sytem membrane anchored component ExbD","exbD","na","Iron homeostasis - siderophore","Fur","na","na","na","na","na","1.A.30","na","pAQ7",2,"Sec","na","IM 1 TM","7002_G0136","sll1405 "
"SYNPCC7002_G0137",0.697323198322139,1.41478661404698,-0.767606309469997,-0.76986044164444,-0.57464306125468,"7002_G0137","cyan0026a",8,"na","outer membrane transport energizing sytem permease component ExbB","exbB","na","Iron homeostasis - siderophore","Fur","na","na","na","na","na","1.A.30","na","pAQ7",2,"Sec","na","IM 3 TM","7002_G0137","sll1404 "
"SYNPCC7002_G0156",1.05676782173467,0.927753209506446,-0.196506085540118,-1.33298491447892,-0.455030031222081,"7002_G0156","cyan3054",11,"na","protein of unknown function DUF427","na","na","na","na","na","na","na","na","na","na","na","core",2,"na","na","cyt","7002_G0156","slr0655 "
