"","LL_LO2","HL_HO2","HL_LO2","HL_VHO2","LL_HO2","Locus.tag","Ortholog.group","Genome.count.calc","Reference..PMID.","Curated.Product.Descriptor","Gene","Gene.Aliases","Functional.role","regulon","cofactor","substrate","Regulator.family","Merops.family","CAZY","TC.family","E.C.","evolution","Genome.count.calc.1","Loc.Sys","Loc.Cleave","protein.localization","X7002","X6803"
"SYNPCC7002_A0035",1.28148473078406,-1.04575153764133,-0.617122561098951,-0.445949418278295,0.827338786234517,"7002_A0035","cyan0935",14,"na","lysyl-tRNA synthetase LysS","lysS","na","Aminoacyl-tRNA biosynthesis","na","na","na","na","na","na","na","6.1.1.6","core",2,"na","na","cyt","7002_A0035","slr1550 "
"SYNPCC7002_A0093",1.2063229232453,0.206565260092817,-0.449134722953068,-1.43999557266758,0.476242112282534,"7002_A0093","cyan0222",13,"22711541","Mg protoporphyrin monomethylester oxidative cyclase auxiliary protein Ycf54","ycf54","na","na","na","na","na","na","na","na","na","na","core",2,"na","na","cyt","7002_A0093","slr1780 "
"SYNPCC7002_A0183",1.24108282882533,-0.951600668690677,-0.0778055101845229,-0.979254714751511,0.767578064801379,"7002_A0183","cyan2746",9,"na","TPR repeat-containing glycosyltransferase family 2","na","na","na","na","na","na","na","na","GT2","na","na","na",2,"na","na","cyt","7002_A0183","slr0626 "
"SYNPCC7002_A0199",1.10529019427502,-0.173350332758649,-0.218306623414739,-1.46270749691434,0.749074258812701,"7002_A0199","cyan5436",6,"na","NAD-reducing hydrogenase associated CBS domain-containing protein, Hyp3","hyp3","na","Hydrogenase","na","na","na","na","na","na","na","na","plasmid A",2,"na","na","cyt","7002_A0199","na "
"SYNPCC7002_A0200",1.26568334228257,-0.628683646313596,-0.362871812149884,-1.09454855001814,0.820420666199054,"7002_A0200","cyan1564",7,"na","NAD-reducing hydrogenase subunit HoxH","hoxH","na","Hydrogenase","na","na","na","na","na","na","na","1.12.1.2","na",2,"na","na","cyt","7002_A0200","sll1226 "
"SYNPCC7002_A0279",0.837429042129417,-0.902644555628754,0.560758503831422,-1.25938255637956,0.763839566047478,"7002_A0279","cyan0416",14,"na","thiamin-phosphate pyrophosphorylase ThiE","thiE","na","Cofactor thiamin (B1) synth","na","na","na","na","na","na","na","2.5.1.3","core",2,"na","na","cyt","7002_A0279","sll0635 "
"SYNPCC7002_A0371",1.23207259980892,-1.162787731041,-0.120384239940525,-0.720816130635015,0.771915501807622,"7002_A0371","cyan0722",14,"na","serine phosphatase modulating sigma factor SibG RsbU","rsbU","na","Regulation: post-translational","na","na","na","na","na","na","na","na","core",2,"na","na","cyt","7002_A0371","slr2031 "
"SYNPCC7002_A0387",1.49824226705995,-0.513252060722543,-0.661721462585096,-0.869347518910235,0.546078775157921,"7002_A0387","cyan2466",14,"na","glycyl-tRNA synthetase alpha subunit GlyQ","glyQ","na","Aminoacyl-tRNA biosynthesis","na","na","na","na","na","na","na","6.1.1.14","core",2,"na","na","cyt","7002_A0387","slr0638 "
"SYNPCC7002_A0396",1.5176179680749,-0.8081295589393,0.0925824358095328,-0.99833433899965,0.196263494054516,"7002_A0396","cyan0824",11,"na","ABC-type high affinity urea uptake system permease component UrtC","urtC","na","Nitrogen assimilation","NtcA","na","urea","na","na","na","3.A.1.4","na","na",2,"Sec","na","IM 9 TM","7002_A0396","slr1201 "
"SYNPCC7002_A0448",1.46723543337703,-0.214597153499362,-0.647097825435895,-1.07707411720409,0.471533662762312,"7002_A0448","cyan0088",11,"15547288","decarboxylating NADP-dependent malic enzyme MaeB","maeB","na","Pyruvate metabolism I: anaplerotic reactions, PEP","na","na","na","na","na","na","na","1.1.1.40","core",2,"na","na","cyt","7002_A0448","slr0721 "
"SYNPCC7002_A0506",1.5802341549222,-1.07970822035286,0.0608365203769939,-0.577181808751275,0.0158193538049415,"7002_A0506","cyan10543",1,"na","haloacid dehalogenase-like hydrolase","na","na","na","na","na","na","na","na","na","na","na","na",2,"na","na","cyt","7002_A0506","na "
"SYNPCC7002_A0562",1.24331347045007,-0.29165286274505,-0.615265650886168,-1.15155336953,0.815158412711146,"7002_A0562","cyan0304a",14,"na","tryptophan synthase alpha subunit TrpA","trpA","na","AA synth: Trp","na","na","na","na","na","na","na","4.2.1.20","core",2,"na","na","cyt","7002_A0562","slr0966 "
"SYNPCC7002_A0641",1.12997817606188,-1.06936717700498,-0.543824233325855,-0.522301378218846,1.0055146124878,"7002_A0641","cyan2133",14,"17035238","thioredoxin-responsive transcriptional regulator of photosynthesis and carbon fixation PedR","pedR","na","CO2 fixation","PedR","na","na","LuxR","na","na","na","na","core",2,"na","na","cyt","7002_A0641","ssl0564 "
"SYNPCC7002_A0704",1.32309533587605,-1.48769202856103,-0.00292159841096082,-0.0214820908470312,0.189000381942973,"7002_A0704","cyan10579",1,"na","alpha/beta hydrolase fold protein","na","na","Proteolysis","na","na","na","na","S33","na","na","3.8.1.5","na",2,"na","na","cyt","7002_A0704","na "
"SYNPCC7002_A0884",1.33919231794922,-1.10984334436788,-0.294270017019459,-0.633163047819661,0.698084091257775,"7002_A0884","cyan1728",14,"na","aspartate carbamoyltransferase catalytic subunit PyrB","pyrB","na","L-arginine deiminase pathway","na","na","na","na","na","na","na","2.1.3.2","core",2,"na","na","cyt","7002_A0884","slr1476 "
"SYNPCC7002_A0919",1.33182430465559,-0.000188531260078216,0.0978053605391793,-1.48771057975605,0.0582694458213606,"7002_A0919","cyan4191",10,"na","ABC-type oligopeptide transport system permease component","na","na","Transport","na","ATP","na","na","na","na","3.A.1.5","na","na",2,"Sec","na","IM 6 TM","7002_A0919","na "
"SYNPCC7002_A0966",0.443634196555342,-0.15659471984204,-0.257929430572554,-1.3768537246802,1.34774367853945,"7002_A0966","cyan10631",1,"na","protein of unknown function DUF29","na","na","na","na","na","na","na","na","na","na","na","na",2,"na","na","cyt","7002_A0966","na "
"SYNPCC7002_A0982",1.39081712770899,-0.967229926969386,-0.113905763492139,-0.88599329039024,0.576311853142778,"7002_A0982","cyan2899",12,"na","Fe-S cluster protein","na","na","na","na","na","na","na","na","na","na","na","na",2,"na","na","cyt","7002_A0982","slr0022 "
"SYNPCC7002_A1085",1.44818704640678,-1.0356997475452,-0.388635498605379,-0.594488474702895,0.570636674446689,"7002_A1085","cyan0117",14,"na","geranylgeranyl diphosphate synthase type II CrtE","crtE","na","Isoprenoid biosynthesis","na","na","na","na","na","na","na","2.5.1.1 2.5.1.10 2.5.1.29","core",2,"na","na","cyt","7002_A1085","slr0739 "
"SYNPCC7002_A1196",0.984923218436214,-1.0098034560108,-0.00723987485351591,-0.986350779575046,1.01847089200315,"7002_A1196","cyan0068",11,"na","thioredoxin M TrxM","trxM","na","Trx system","na","na","na","na","na","na","na","na","core",2,"na","na","cyt","7002_A1196","sll1057 "
"SYNPCC7002_A1263",1.28785972247352,-0.999994793472261,0.183902194975535,-1.00929342141266,0.537526297435858,"7002_A1263","cyan0303",14,"na","DNA polymerase III beta subunit DnaN","dnaN","na","DNA replication","na","na","na","na","na","na","na","2.7.7.7","core",2,"na","na","cyt","7002_A1263","slr0965 "
"SYNPCC7002_A1328",0.825286339685115,-0.244923353363487,-0.487578523182498,-1.27457741995475,1.18179295681562,"7002_A1328","cyan2765",8,"na","CobQ/CobB/MinD/ParA nucleotide binding domain-containing protein","na","na","na","na","na","na","na","na","na","na","na","na",2,"na","na","cyt","7002_A1328","slr0110 "
"SYNPCC7002_A1396",1.45095380549789,-0.794581885156709,0.00325320315751005,-1.05293407539207,0.393308951893379,NA,NA,NA,NA,NA,NA,NA,NA,NA,NA,NA,NA,NA,NA,NA,NA,NA,NA,NA,NA,NA,NA,NA
"SYNPCC7002_A1397",1.19714955836523,-0.778161724842763,-0.262907578973219,-1.04757515678208,0.891494902232823,NA,NA,NA,NA,NA,NA,NA,NA,NA,NA,NA,NA,NA,NA,NA,NA,NA,NA,NA,NA,NA,NA,NA
"SYNPCC7002_A1431",0.958753636979205,-0.936025308222604,0.082431648833222,-1.09955749542369,0.994397517833864,"7002_A1431","cyan1827",6,"na","protein of unknown function DUF2330","na","na","na","na","na","na","na","na","na","na","na","na",2,"Sec","LepB","peri","7002_A1431","slr1173 "
"SYNPCC7002_A1432",0.788567455455826,-0.494728311355962,-0.762760919548747,-0.870450246711918,1.3393720221608,"7002_A1432","cyan1011",7,"na","Na+-transporting NADH:ubiquinone oxidoreductase subunit 2","na","na","NDH-1 complex?","na","na","na","na","na","na","na","na","na",2,"Sec","na","IM 9 TM","7002_A1432","slr1442 "
"SYNPCC7002_A1490",1.37856048036476,-0.806138764446455,-0.207181730403955,-1.00118181128733,0.635941825772981,"7002_A1490","cyan10740",1,"na","hypothetical exported protein","na","na","na","na","na","na","na","na","na","na","na","na",2,"na","na","extra","7002_A1490","na "
"SYNPCC7002_A1556",0.710488454105195,-0.951489990396238,0.0684709393460548,-1.04737954930457,1.21991014624955,"7002_A1556","cyan7016",5,"na","methyltransferase type 11","na","na","na","na","na","na","na","na","na","na","na","na",2,"na","na","cyt","7002_A1556","na "
"SYNPCC7002_A1610",1.27440984888196,-0.566374380419499,-0.196681329189434,-1.2266751451108,0.715321005837772,"7002_A1610","cyan1167",14,"na","porphobilinogen deaminase HemC","hemC","na","Prosthetic group heme synth","Fur","na","na","na","na","na","na","2.5.1.61","core",2,"na","na","cyt","7002_A1610","slr1887 "
"SYNPCC7002_A1648",0.827982648862455,-1.13303440163515,0.616261782845778,-1.05072326183098,0.739513231757895,"7002_A1648","cyan8226",2,"na","ABC-type B12/cobalamin uptake system ATPase component BtuD","btuD","na","Cofactor B12 salvage: (B12 Transport)","Zur Cob ribosw","ATP","na","na","na","na","3.A.1.13","3.6.3.-","na",2,"na","na","cyt-IM assoc","7002_A1648","na "
"SYNPCC7002_A1649",1.30827328856864,-0.340802157586259,0.490206994820932,-1.38821726803444,-0.0694608577688766,"7002_A1649","cyan3246",14,"23066898","Fe2+-responsive transcriptional regulator of iron homeostasis Fur","fur","furA","Iron homeostasis","Fur","na","na","Fur","na","na","na","na","core",2,"na","na","cyt","7002_A1649","sll0567 "
"SYNPCC7002_A1828",1.38819789999087,-0.880010123280405,-0.0733148205647279,-0.991567108676332,0.556694152530591,"7002_A1828","cyan0296a",14,"20194361","oxygen-dependent coproporphyrinogen III oxidase HemF","hemF","na","Prosthetic group heme synth","na","na","na","na","na","na","na","1.3.3.3","core",2,"na","na","cyt","7002_A1828","sll1185 "
"SYNPCC7002_A1890",1.37997336311276,-0.792344354366906,0.468482979513889,-1.11572144880411,0.0596094605443611,"7002_A1890","cyan3048",14,"na","1-(5-phosphoribosyl)-5-[(5-phosphoribosylamino)methylideneamino] imidazole-4-carboxamide isomerase HisA","hisA","na","AA synth: Aromatic (his)","na","na","na","na","na","na","na","5.3.1.16","core",2,"na","na","cyt","7002_A1890","slr0652 "
"SYNPCC7002_A1915",1.28974388060606,-0.530431154051942,0.620759199556808,-1.28901938052049,-0.0910525455904422,"7002_A1915","cyan0591",14,"na","tRNA-i(6)A37 thiotransferase enzyme MiaB","miaB","na","tRNA processing","na","na","na","na","na","na","na","na","core",2,"na","na","cyt","7002_A1915","sll0996 "
"SYNPCC7002_A1956",1.71713196115577,-0.846842552956121,-0.0746680869951402,-0.476020480596268,-0.319600840608238,"7002_A1956","cyan3234",12,"na","protein of unknown function DUF3529","na","na","na","na","na","na","na","na","na","na","na","core",2,"Sec","na","IM 3 TM","7002_A1956","slr0589 "
"SYNPCC7002_A1981",1.31278334563848,-0.977207164998759,-0.141930674967353,-0.8976886706586,0.70404316498623,"7002_A1981","cyan2069",14,"na","FIG01178238: hypothetical protein","na","na","na","na","na","na","na","na","na","na","na","core",2,"na","na","cyt","7002_A1981","slr1926 "
"SYNPCC7002_A1994",0.945769482974829,-0.988587104731742,0.883073285391298,-1.12560015725775,0.285344493623369,"7002_A1994","cyan10854",1,"na","polysaccharide deacetylase domain-containing protein","na","na","Polysaccharide synth","na","na","na","na","na","na","na","na","na",2,"na","na","cyt","7002_A1994","na "
"SYNPCC7002_A2105",1.5361458626408,-0.574932497075924,-0.554054769013941,-0.88175433617418,0.474595739623243,"7002_A2105","cyan10884",1,"na","RlpA-like protein","na","na","na","na","na","na","na","na","na","na","na","na",2,"na","na","cyt","7002_A2105","na "
"SYNPCC7002_A2149",1.1758031425082,-1.40293657203038,0.202134451524136,-0.538901061410596,0.563900039408634,"7002_A2149","cyan1690",14,"na","ECF-type uptake system permease component","na","na","Transport","na","na","na","na","na","na","3.A.1.26","na","core",2,"Sec","na","IM 2 TM","7002_A2149","slr1978 "
"SYNPCC7002_A2185",1.36193415429118,-0.439399031037722,0.346036436130492,-1.35111411867191,0.0825425592879573,"7002_A2185","cyan5798",9,"na","glycosyl transferase, group 2 family protein","na","na","na","na","na","na","na","na","na","na","na","na",2,"Sec","na","IM 2 TM","7002_A2185","na "
"SYNPCC7002_A2208",0.941495577079136,-0.778772286290368,-0.611206825473702,-0.783963886405595,1.23244742109053,"7002_A2208","cyan9613b",4,"na","ammonium/methylammonium permease Amt","amt","na","Nitrogen assimilation - ammonium","NtcA","na","na","na","na","na","1.A.11.2","na","na",2,"Sec","na","IM 12 TM","7002_A2208","na "
"SYNPCC7002_A2213",1.51028575473712,-0.874479710765077,0.126471127798219,-0.950258074670551,0.187980902900285,"7002_A2213","cyan1145",11,"20532743","phycocyanin alpha subunit phycocyanobilin lyase CpcE","cpcE","na","Phycobilisome - phycocyanin/phycoerythrocyanin","na","na","na","na","na","na","na","na","core",2,"na","na","cyt","7002_A2213","slr1878 "
"SYNPCC7002_A2240",1.45162812455031,-0.937320380703754,-0.191074836988136,-0.841857933553659,0.518625026695239,"7002_A2240","cyan4256",6,"na","chromsome partitioning ATPase Soj","soj","na","DNA replication","na","na","na","na","na","na","na","na","na",2,"na","na","cyt","7002_A2240","slr1597 "
"SYNPCC7002_A2285",0.808045506161371,-0.508200687040336,-0.399203047439694,-1.15955523447035,1.25891346278901,"7002_A2285","cyan2447b",4,"na","phosphate ABC transporter permease component PstC","pstC","na","Phosphate homeostasis","na","na","na","na","na","na","3.A.1.7","na","na",2,"Sec","na","IM 6 TM","7002_A2285","na "
"SYNPCC7002_A2328",1.47015206131372,-1.09603139973923,-0.0251610212436666,-0.711065598546068,0.362105958215239,"7002_A2328","cyan0666",14,"na","seryl-tRNA synthetase SerS","serS","na","Aminoacyl-tRNA biosynthesis","Crp","na","na","na","na","na","na","6.1.1.11","core",2,"na","na","cyt","7002_A2328","slr1703 "
"SYNPCC7002_A2347",0.812241875742393,-0.885465070595743,-0.222273440447756,-0.962015200171991,1.2575118354731,"7002_A2347","cyan3124",14,"na","light-independent protochlorophyllide reductase iron-sulfur ATP-binding protein ChlL","chlL","na","Chlorophyll Biosynthesis","PedR Fur","ATP FeS","na","na","na","na","na","1.18.-.-","core",2,"na","na","cyt","7002_A2347","slr0749 "
"SYNPCC7002_A2354",1.64795468670296,-0.849738828043669,0.122379175824704,-0.708757778908634,-0.211837255575357,"7002_A2354","cyan1497",14,"na","3-isopropylmalate dehydrogenase LeuB","leuB","na","AA synth: ILV","na","na","na","na","na","na","na","1.1.1.85","core",2,"na","na","cyt","7002_A2354","slr1517 "
"SYNPCC7002_A2386",0.995982287733237,-1.03627558984175,-0.173054318682036,-0.863234892410508,1.07658251320106,"7002_A2386","cyan10944",1,"na","hypothetical protein","na","na","na","na","na","na","na","na","na","na","na","na",2,"Sec","na","IM 1 TM","7002_A2386","na "
"SYNPCC7002_A2419",0.885419112820556,-0.526198659961718,-0.189183782858192,-1.2868713265591,1.11683465655845,"7002_A2419","cyan2641",11,"na","conserved hypothetical protein","na","na","na","na","na","na","na","na","na","na","na","check",2,"Sec","na","IM 1 TM","7002_A2419","sll0827 "
"SYNPCC7002_A2423",0.686014509857029,-1.58807343997467,-0.0043844307779738,-0.0929320685201552,0.99937542941577,"7002_A2423","cyan0970",3,"na","universal stress protein, UspA","uspA","na","na","na","na","na","na","na","na","na","na","na",2,"na","na","cyt","7002_A2423","slr1230 "
"SYNPCC7002_A2424",1.56882056979106,-0.787392289096009,0.217739245780752,-0.930998384418929,-0.0681691420568748,"7002_A2424","cyan0969",7,"na","SulP family permease, Sul1","sul1","na","Transport (SulP)","na","na","na","na","na","na","2.A.53","na","na",2,"Sec","na","IM 11 TM","7002_A2424","slr1229 "
"SYNPCC7002_A2456",1.40254463437041,-0.624610691178532,-0.374086242195561,-1.04490754952924,0.641059848532924,"7002_A2456","cyan2321",14,"na","glycyl-tRNA synthetase beta subunit GlyS","glyS","na","Aminoacyl-tRNA biosynthesis","na","na","na","na","na","na","na","6.1.1.14","core",2,"na","na","cyt","7002_A2456","slr0220 "
"SYNPCC7002_A2482",0.674884145850698,0.56903912032189,-0.0792934336693053,-1.70842705481096,0.543797222307677,"7002_A2482","cyan10962",1,"na","hypothetical protein","na","na","na","na","na","na","na","na","na","na","na","na",2,"na","na","cyt","7002_A2482","na "
"SYNPCC7002_A2505",1.31653305606186,-0.618411056585008,-0.310967579255446,-1.11895912302379,0.731804702802384,"7002_A2505","cyan3075",14,"na","carbamoyl phosphate synthase small subunit CarA","carA","na","De Novo Pyrimidine Synthesis","na","na","na","na","C26","na","na","6.3.5.5","core",2,"na","na","cyt","7002_A2505","sll1498 "
"SYNPCC7002_A2559",1.58343879053164,-0.907429521494219,0.175111505223248,-0.79733043346938,-0.0537903407912898,"7002_A2559","cyan0708",14,"na","malonyl CoA-acyl carrier protein transacylase FabD","fabD","na","Fatty Acid Biosynthesis FASII","na","na","na","na","na","na","na","2.3.1.39","core",2,"na","na","cyt","7002_A2559","slr2023 "
"SYNPCC7002_A2646",1.06406404123587,-1.00194596053475,-0.12970143106155,-0.926615996716072,0.9941993470765,"7002_A2646","cyan1942",11,"19843617","photosynthetic pigment/protein complex formation Pitt","pitT","na","Chlorophyll biosynthesis | thylakoid membrane formation","na","na","na","na","na","na","na","na","core",2,"Sec","na","TM 1 TM","7002_A2646","slr1644 "
"SYNPCC7002_A2724",1.24540205981868,-0.15011326899303,-0.722927889598069,-1.14390918619903,0.771548284971442,NA,NA,NA,NA,NA,NA,NA,NA,NA,NA,NA,NA,NA,NA,NA,NA,NA,NA,NA,NA,NA,NA,NA
"SYNPCC7002_A2780",1.37721091681507,-0.841263060961272,-0.0317629734001389,-1.04816293701877,0.543978054565111,"7002_A2780","cyan2882",14,"na","tRNA-guanine transglycosylase Tgt","tgt","na","tRNA modification: queuosine insertion","na","na","na","na","na","na","na","2.4.2.29","core",2,"na","na","cyt","7002_A2780","slr0713 "
"SYNPCC7002_A2786",1.18887906554472,-0.609680508887725,-0.232111408648981,-1.19842058965289,0.851333441644882,NA,NA,NA,NA,NA,NA,NA,NA,NA,NA,NA,NA,NA,NA,NA,NA,NA,NA,NA,NA,NA,NA,NA
"SYNPCC7002_A2873",1.36061969464244,-1.3890553165533,0.0690355679992949,-0.347140367308711,0.30654042122028,"7002_A2873","cyan1905",14,"na","cysteinyl-tRNA synthetase CysS","cysS","na","Aminoacyl-tRNA biosynthesis","na","na","na","na","na","na","na","6.1.1.16","core",2,"na","na","cyt","7002_A2873","slr0958 "
"SYNPCC7002_A2880",0.869245125204218,-1.33296929324555,-0.129299330105822,-0.501939571962973,1.09496307011012,NA,NA,NA,NA,NA,NA,NA,NA,NA,NA,NA,NA,NA,NA,NA,NA,NA,NA,NA,NA,NA,NA,NA
"SYNPCC7002_G0035",0.751687489265839,-1.11673410020506,0.478247575516438,-1.04471558065581,0.931514616078595,"7002_G0035","cyan3567",4,"na","conserved hypothetical protein with von Willebrand factor type A domain","na","na","na","na","na","na","na","na","na","na","na","pAQ7 pSYSA pP742502",2,"na","na","cyt","7002_G0035","slr7060 "
"SYNPCC7002_G0036",0.744613332733902,-0.922238098746796,-0.184633720455781,-0.935858370326389,1.29811685679506,"7002_G0036","cyan3566",5,"na","transcriptional regulator MerR family","na","na","Sensory transduction","na","na","na","na","na","na","na","na","pAQ7 pSYSA pP742502",2,"na","na","cyt","7002_G0036","slr7059 "
"SYNPCC7002_G0038",0.662355440297307,-0.912379393331284,0.248656136890839,-1.15409275939687,1.15546057554001,"7002_G0038","cyan10129",1,"na","hypothetical protein","na","na","na","na","na","na","na","na","na","na","na","pAQ7",2,"na","na","cyt","7002_G0038","na "
