"","LL_LO2","HL_HO2","HL_LO2","HL_VHO2","LL_HO2","Locus.tag","Ortholog.group","Genome.count.calc","Reference..PMID.","Curated.Product.Descriptor","Gene","Gene.Aliases","Functional.role","regulon","cofactor","substrate","Regulator.family","Merops.family","CAZY","TC.family","E.C.","evolution","Genome.count.calc.1","Loc.Sys","Loc.Cleave","protein.localization","X7002","X6803"
"SYNPCC7002_A0159",-1.10013837484945,0.375315580377406,1.19244248059834,0.513712937976874,-0.981332624103175,"7002_A0159","cyan1780",8,"na","omega-3 acyl-lipid desaturase, DesB","desB","na","Fatty acid biosynthesis","na","na","na","na","na","na","na","1.4.19.-","na",2,"Sec","na","IM 4 TM","7002_A0159","sll1441 "
"SYNPCC7002_A0171",-1.09051291406647,0.509966056950293,0.984245698358645,0.664317489698328,-1.0680163309408,"7002_A0171","cyan1391",11,"17307862 22221957","transcriptional regulator of carbon dixoide fixation CcmR","ccmR","rbcR ndhR cmpR","CO2 fixation","CcmR","na","na","LysR","na","na","na","na","core",2,"na","na","cyt","7002_A0171","sll1594 "
"SYNPCC7002_A0172",-1.0533770218424,0.400081909236701,1.04663491647636,0.685806320609491,-1.07914612448015,"7002_A0172","cyan0879",11,"na","proton-translocating NADH-quinone dehydrogenase subunit 5 NdhF","ndhF3","na","CO2 fixation: Respiratory Complex I","CcmR","na","na","na","na","na","3.D.1.8","1.6.5.3","core",2,"Sec","na","TM 16 TM","7002_A0172","sll1732 "
"SYNPCC7002_A0173",-1.09319523266644,0.547572316041359,0.913453674935213,0.711361503252919,-1.07919226156305,"7002_A0173","cyan0878a",11,"na","proton-translocating NADH-quinone dehydrogenase subunit D3 NdhD3","ndhD3","na","CO2 fixation: Respiratory Complex I","CcmR","na","na","na","na","na","3.D.1.8","1.6.5.3","core",2,"Sec","na","TM 14 TM","7002_A0173","sll1733 "
"SYNPCC7002_A0174",-1.0855546367447,0.550089187227222,0.696451122643774,0.924736156510083,-1.08572182963638,"7002_A0174","cyan0877",11,"na","high-affinity CO2 hydration protein CupA","cupA","cphX","CO2 fixation","Crp CcmR","na","na","na","na","na","na","na","core",2,"na","na","CS","7002_A0174","sll1734 "
"SYNPCC7002_A0307",-1.14609190550223,0.744969349499985,0.882125269899743,0.546158421883168,-1.02716113578066,"7002_A0307","cyan1917a",13,"na","dihydroneopterin aldolase FolB","folB","na","Cofactor folate synth from GTP","na","na","na","na","na","na","na","4.1.2.25","na",2,"na","na","cyt","7002_A0307","slr1626 "
"SYNPCC7002_A0316",-0.0417752208933609,0.524186943871911,0.924499383708954,0.265844280880668,-1.67275538756817,"7002_A0316","cyan2653",14,"na","phosphopantetheine adenylyltransferase CoaD","coaD","na","Cofactor pantothenate (B5) synth","na","na","na","na","na","na","na","2.7.7.3","core",2,"na","na","cyt","7002_A0316","slr0847 "
"SYNPCC7002_A0469",-1.04187958837886,0.589539696429317,0.866122030018699,0.723473018265999,-1.13725515633516,"7002_A0469","cyan2193",11,"na","protein containing domains DUF404 and DUF407","na","na","na","na","na","na","na","na","na","na","na","na",2,"na","na","cyt","7002_A0469","sll0335 "
"SYNPCC7002_A0827",0.199103063122485,-0.382949279816332,0.897473527228408,0.816561203440967,-1.53018851397553,"7002_A0827","cyan0565",11,"na","competence protein ComEc","comEc","na","Genome evolution - DNA uptake","na","na","na","na","na","na","3.A.11","na","core",2,"Sec","na","IM 9 TM","7002_A0827","sll1929 "
"SYNPCC7002_A1182",-1.15885919860438,0.227717473335637,0.761333558908672,1.08768619200174,-0.917878025641672,"7002_A1182","cyan2194",11,"na","hypothetical protein","na","na","Stress response","na","na","na","na","na","na","na","na","core",2,"na","na","cyt","7002_A1182","slr0373 "
"SYNPCC7002_A1418",-1.2453721777837,0.524274282337672,1.12319090245624,0.443851712951517,-0.845944719961729,"7002_A1418","cyan0008a",11,"na","photosystem II protein D1 PsbA","psbA","psbA2","Photosystem II","na","na","na","na","na","na","3.E.2.2","na","core",2,"Sec","na","TM 6 TM","7002_A1418","slr1311 "
"SYNPCC7002_A1562",0.0275197851241723,0.175772913384546,1.46763772716985,-0.378091294471852,-1.29283913120672,"7002_A1562","cyan0294a",14,"na","prolipoprotein diacylglyceryl transferase Lgt","lgt","na","Lipoprotein biosynthesis","na","na","na","na","na","na","na","2.4.99.-","core",2,"Sec","na","IM 7 TM","7002_A1562","sll1187 "
"SYNPCC7002_A1712",-1.41840531521938,0.732167721936398,0.799961548248454,0.577823669538419,-0.691547624503895,"7002_A1712","cyan10777",2,"na","hypothetical protein","na","na","na","na","na","na","na","na","na","na","na","na",2,"na","na","cyt","7002_A1712","na "
"SYNPCC7002_A1793",-0.8991955448934,0.165142320285261,1.50856052430969,0.155189781275291,-0.929697080976842,"7002_A1793","cyan2730",2,"na","major facilitator transporter","na","na","Transport","na","na","na","na","na","na","na","na","na",2,"Sec","na","IM 12 TM","7002_A1793","slr0616 "
"SYNPCC7002_A1796",-0.695439687668297,-0.291399568821184,1.76795870114321,-0.409243535516005,-0.371875909137728,"7002_A1796","cyan2294",14,"na","ribulose bisphosphate carboxylase small subunit RbcS","rbcS","na","Calvin-Benson cycle","na","na","na","na","na","na","na","4.1.1.39","core",2,"na","na","CL","7002_A1796","slr0012 "
"SYNPCC7002_A1866",-1.57061833712275,0.795670999106737,0.886695878355224,0.17606564818009,-0.287814188519297,"7002_A1866","cyan10811",1,"na","bacteriophage conserved hypothetical protein","na","na","bacteriophage functions","na","na","na","na","na","na","na","na","na",2,"Sec","na","IM 2 TM","7002_A1866","na "
"SYNPCC7002_A1952",-0.925765277551447,0.453042988486165,1.51954653717085,-0.322453770625028,-0.724370477480543,"7002_A1952","cyan0372",8,"na","protein of unknown function COG4222 family","na","na","na","na","na","na","na","na","na","na","na","na",2,"Sec Bam","LepB","OM","7002_A1952","slr1087 "
"SYNPCC7002_A1953",-0.778846707962928,0.152052490627151,1.58306494857398,-0.0270498091697451,-0.929220922068453,"7002_A1953","cyan4627",11,"na","CbbY family protein","na","na","na","na","na","na","na","na","na","na","na","na",2,"na","na","cyt","7002_A1953","na "
"SYNPCC7002_A1973",-1.07292349407505,0.380102250795184,1.30153811243291,0.337937401970422,-0.946654271123456,"7002_A1973","cyan0270b",3,"na","NADH dehydrogenase, subunit NdhD family","na","ndhD2","NDH-1 complex","PedR","na","na","na","na","na","na","1.6.5.3","na",2,"Sec","na","TM 14 TM","7002_A1973","na "
"SYNPCC7002_A2200",-1.1756052490123,0.187572329590206,1.10221441399253,0.767946705926081,-0.882128200496511,"7002_A2200","cyan1946",7,"15686550","carotenoid oxygenase-like protein Diox2","diox2","syc1 SynDiox2","Carotenoid conversion (APCO clade)","na","na","na","na","na","na","na","na","na",2,"na","na","cyt","7002_A2200","slr1648 "
"SYNPCC7002_A2248",-1.11006882209131,0.238510484868768,0.938075526706291,0.922947972056007,-0.989465161539757,"7002_A2248","cyan2587",10,"na","protein of unknown function DUF2811","na","na","na","na","na","na","na","na","na","na","na","na",2,"na","na","cyt","7002_A2248","slr0921 "
"SYNPCC7002_A2255",-1.2422441932789,0.705256858313417,1.28853175891817,-0.467201211037888,-0.284343212914805,"7002_A2255","cyan2416",14,"na","excinuclease ABC subunit B UvrB","uvrB","na","DNA Repair","na","na","na","na","na","na","na","na","core",2,"na","na","cyt","7002_A2255","sll0459 "
"SYNPCC7002_A2357",-1.00601170593848,1.23668693828635,0.733909569380934,-0.0054744648056449,-0.95911033692316,"7002_A2357","cyan2181",14,"na","16S rRNA pseudouridylate 516 synthase RsuA","rsuA","yejD","rRNA modification - 16S","na","na","na","na","na","na","na","5.4.99.19","core",2,"na","na","cyt","7002_A2357","slr0361 "
"SYNPCC7002_A2491",-0.969676553240867,-0.184611783413721,1.50886000190979,0.408430324421017,-0.763001989676216,"7002_A2491","cyan1164",10,"na","HD domain-containing protein","na","na","Cofactor NAD synth","na","na","na","na","na","na","na","na","na",2,"na","na","cyt","7002_A2491","slr1885 "
"SYNPCC7002_A2492",-0.824057379294342,-0.197509629354316,1.60204347461108,0.232686055817274,-0.813162521779698,"7002_A2492","cyan0158",7,"na","phosphate starvation-inducible membrane protein, PsiE family","na","na","Phosphate homeostasis","na","na","na","na","na","na","na","na","na",2,"Sec","na","IM 4 TM","7002_A2492","sll0218 "
"SYNPCC7002_A2493",-0.820963406250457,-0.175341316776168,1.61711551389983,0.183309554661643,-0.804120345534849,"7002_A2493","cyan4610b",4,"na","Mo-dependent nitrogenase C-terminal domain protein","na","na","na","na","na","na","na","na","na","na","na","na",2,"na","na","cyt","7002_A2493","na "
"SYNPCC7002_A2541",-1.14811131741875,0.161964982075476,0.860061754729635,1.03975946142479,-0.913674880811157,"7002_A2541","cyan1406",14,"na","proton-translocating NADH-quinone dehydrogenase subunit H NdhH","ndhH","na","CO2 fixation: Respiratory Complex I","na","na","na","na","na","na","na","1.6.5.3","core",2,"na","na","cyt-TM assoc","7002_A2541","slr0261 "
"SYNPCC7002_A2615",-1.43433233651808,1.14559857532431,0.720465855412869,-0.31080629997498,-0.120925794244119,"7002_A2615","cyan10982",1,"na","hypothetical protein","na","na","na","na","na","na","na","na","na","na","na","na",2,"Sec","LepB","peri","7002_A2615","na "
"SYNPCC7002_A2748",-0.99896356978796,0.2440279525467,1.38909406768518,0.320047663866667,-0.954206114310583,"7002_A2748","cyan1760",14,"na","proton-translocating NADH-quinone dehydrogenase subunit 3 NdhC","ndhC","na","CO2 fixation: Respiratory Complex I","na","na","na","na","na","na","na","1.6.5.3","core",2,"Sec","na","TM 3 TM","7002_A2748","slr1279 "
"SYNPCC7002_A2749",-1.03328489656301,0.279366877362461,1.45837305021383,0.137311079201462,-0.841766110214743,"7002_A2749","cyan1761",14,"na","proton-translocating NADH-quinone dehydrogenase subunit B NadhK","ndhK","na","CO2 fixation: Respiratory Complex I","na","Fe-S","na","na","na","na","na","1.6.5.3","core",2,"Sec","na","TM 1 TM","7002_A2749","slr1280 "
"SYNPCC7002_A2750",-1.01414965250446,0.236089762070077,1.11541282683369,0.729853673325111,-1.06720660972442,"7002_A2750","cyan1762",14,"na","proton-translocating NADH-quinone dehydrogenase subunit J NdhJ","ndhJ","na","CO2 fixation: Respiratory Complex I","na","Fe-S","na","na","na","na","na","1.6.5.3","core",2,"na","na","cyt-TM assoc","7002_A2750","slr1281 "
"SYNPCC7002_A2822",-0.130657865108431,0.71032772805268,0.389614091645732,0.710516633167048,-1.67980058775703,NA,NA,NA,NA,NA,NA,NA,NA,NA,NA,NA,NA,NA,NA,NA,NA,NA,NA,NA,NA,NA,NA,NA
"SYNPCC7002_D0010",-0.902705679858973,-0.314036078124233,1.30728180716289,0.783409444081513,-0.873949493261202,"7002_D0010","cyan4071a",6,"19822009 22389488     20558748","dimeric metallochaperone","yciC","cobW","Nitrogen assimilation - aliphatic nitriles","Zur","na","Co, Zn","na","na","na","na","na","pAQ4",2,"na","na","cyt","7002_D0010","na "
"SYNPCC7002_D0029",-0.965654897540288,0.783678579501071,1.09051736135626,0.19818904558392,-1.10673008890097,NA,NA,NA,NA,NA,NA,NA,NA,NA,NA,NA,NA,NA,NA,NA,NA,NA,NA,NA,NA,NA,NA,NA
"SYNPCC7002_G0040",-1.42465250203993,0.172779789475642,1.08629777065744,0.693836575179533,-0.52826163327269,"7002_G0040","cyan10131",1,"na","conserved pRiA4b ORF-3-like domain protein","na","na","na","na","na","na","na","na","na","na","na","pAQ7",2,"na","na","cyt","7002_G0040","na "
